Workbook

Sheet 1 Setup & Keys
A1: Survey Processing and Scoring Workbook
A2: One workbook per unit. Intake layer between Google Forms responses and the Diagnostic Workbook.
A4: Legend
A5: Blue text on cream | B5: [INPUT] — the analyst types or pastes
A6: Black text | B6: [CALCULATED] — the workbook computes; do not edit
A7: Green text | B7: Link pulling from another tab in this workbook
A9: Three input types (how data enters the Diagnostic Workbook downstream)
A10: Type A — raw survey item means (entered un-flipped; the Diagnostic Workbook flips and converts).
A11: Type B — structured counts (C2 per-domain, C3 band counts).
A12: Type C — finished module scores computed here per the Module Library bespoke rule.
A14: Engagement keys
A15: Client and unit name | B15: [unit name]
A16: Unit FTE
A17: Cadence (baseline / half-yearly / quarterly) | B17: baseline
A19: Audience headcounts (response-rate denominators)
A20: All-member (main survey)
A21: Managers
A22: Leadership team
A23: Team leaders
A24: DLP sampled participants
A26: Parameters
A27: C1 proficiency threshold (1-5) | B27: 3
A28: Default 3 (Proficient). Skills rated at or above this count as demonstrated.
A30: Team list (CII team-level) | D30: Decision types — M-O1-LT | G30: Decision sample — M-DLP-PART | K30: Role families — M-C1-MGR
A31: Team | B31: FTE | D31: Decision type | G31: Decision ID | H31: Class | K31: Role family | L31: FTE | M31: Req. skills

Sheet 2 Import Main
A1: Import — Main Survey (all-member)
A2: Paste the export (data rows only) into row 5 onward. Columns follow Blueprint order. Row 3 = reverse flag (screening only); row 4 = item ID. Blank module columns stay empty when not deployed.
C3: F | D3: F | E3: F | F3: F | G3: R | H3: F | I3: F | J3: F | K3: F | L3: R | M3: F | N3: F | O3: F | P3: F | Q3: R | R3: F | S3: F | T3: F | U3: R | V3: F | W3: F | X3: F | Y3: F | Z3: F | AA3: F | AB3: F | AC3: F | AD3: R | AE3: F | AF3: F | AG3: F | AH3: R | AI3: F | AJ3: F | AK3: F | AL3: F | AM3: R | AN3: F | AO3: F | AP3: F | AQ3: F | AR3: F | AS3: R | AT3: F | AU3: F | AV3: R | AW3: F | AX3: F | AY3: F | AZ3: F | BA3: F | BB3: R | BC3: F | BD3: F | BE3: F | BF3: F | BG3: R | BH3: F | BI3: F | BJ3: R | BK3: F | BL3: F | BM3: F | BN3: F | BO3: F | BP3: R | BQ3: F | BR3: F | BS3: F | BT3: R | BU3: R | BV3: F | BW3: F | BX3: F | BY3: F | BZ3: R | CA3: F | CB3: F | CC3: R | CD3: R | CE3: F | CF3: R | CH3: F | CI3: F | CJ3: F | CK3: R | CL3: F | CM3: F | CO3: F | CP3: F | CQ3: F | CR3: R | CS3: F | CT3: F | CV3: F | CW3: F | CX3: F | CY3: R | CZ3: F | DA3: F
A4: Timestamp | B4: Team | C4: CII-01 | D4: CII-02 | E4: CII-03 | F4: CII-04 | G4: CII-05 | H4: CII-06 | I4: CII-07 | J4: CII-08 | K4: CII-09 | L4: CII-10 | M4: CII-11 | N4: CII-12 | O4: CII-13 | P4: CII-14 | Q4: CII-15 | R4: MI1-01 | S4: MI1-02 | T4: MI1-03 | U4: MI1-04 | V4: MI1-05 | W4: MI1-06 | X4: MI1-07 | Y4: MI1-08 | Z4: MI2-01 | AA4: MI2-02 | AB4: MI2-03 | AC4: MI2-04 | AD4: MI2-05 | AE4: MI3-01 | AF4: MI3-02 | AG4: MI3-03 | AH4: MI3-04 | AI4: MI3-05 | AJ4: MI4-01 | AK4: MI4-02 | AL4: MI4-03 | AM4: MI4-04 | AN4: TW-01 | AO4: TW-02 | AP4: TW-03 | AQ4: OI1-01 | AR4: OI1-02 | AS4: OI1-03 | AT4: OI1-04 | AU4: OI1-05 | AV4: OI1-06 | AW4: OI1-07 | AX4: OI1-08 | AY4: OI2-01 | AZ4: OI2-02 | BA4: OI2-03 | BB4: OI2-04 | BC4: OI3-01 | BD4: OI3-02 | BE4: OI3-03 | BF4: OI3-04 | BG4: OI3-05 | BH4: OI4-01 | BI4: OI4-02 | BJ4: OI4-03 | BK4: OI5-01 | BL4: OI5-02 | BM4: OI5-03 | BN4: TSI2-01 | BO4: TSI2-02 | BP4: TSI2-03 | BQ4: TSI3-01 | BR4: TSI3-02 | BS4: TSI3-03 | BT4: TSI3-04 | BU4: TSI3-05 | BV4: O1C-01 | BW4: O1C-02 | BX4: O1C-03 | BY4: O1C-04 | BZ4: O1C-05 | CA4: O2I-01 | CB4: O2I-02 | CC4: O2I-03 | CD4: O2I-04 | CE4: O2I-05 | CF4: O2I-06 | CG4: O2I-07 | CH4: P1 O3P-01 | CI4: P1 O3P-02 | CJ4: P1 O3P-03 | CK4: P1 O3P-04 | CL4: P1 O3P-05 | CM4: P1 O3P-06 | CN4: P1 O3P-07 | CO4: P2 O3P-01 | CP4: P2 O3P-02 | CQ4: P2 O3P-03 | CR4: P2 O3P-04 | CS4: P2 O3P-05 | CT4: P2 O3P-06 | CU4: P2 O3P-07 | CV4: P3 O3P-01 | CW4: P3 O3P-02 | CX4: P3 O3P-03 | CY4: P3 O3P-04 | CZ4: P3 O3P-05 | DA4: P3 O3P-06 | DB4: P3 O3P-07

Sheet 3 Import Manager
A1: Import — Manager Survey (M-C1-MGR, M-C3-MGR)
A2: One row per direct report. Paste / enter columns A to S. Reshape the raw manager form into this long layout. Skills blank where not used.
A4: Manager ID | B4: Role family | C4: Direct report | D4: Skill 01 | E4: Skill 02 | F4: Skill 03 | G4: Skill 04 | H4: Skill 05 | I4: Skill 06 | J4: Skill 07 | K4: Skill 08 | L4: Skill 09 | M4: Skill 10 | N4: Skill 11 | O4: Skill 12 | P4: Skill 13 | Q4: Skill 14 | R4: Skill 15 | S4: C3 Band (1-5) | T4: C1 coverage | U4: New mgr?
T5: =IF(OR(C5="",IFERROR(VLOOKUP(B5,'1 Setup & Keys'!$K$32:$M$41,3,FALSE()),"")=""),"",IFERROR(COUNTIF(D5:R5,">="&'1 Setup & Keys'!$B$27)/IFERROR(VLOOKUP(B5,'1 Setup & Keys'!$K$32:$M$41,3,FALSE()),""),"")) | U5: =IF(A5="",0,IF(COUNTIF($A$5:A5,A5)=1,1,0)) -> 0
T6: =IF(OR(C6="",IFERROR(VLOOKUP(B6,'1 Setup & Keys'!$K$32:$M$41,3,FALSE()),"")=""),"",IFERROR(COUNTIF(D6:R6,">="&'1 Setup & Keys'!$B$27)/IFERROR(VLOOKUP(B6,'1 Setup & Keys'!$K$32:$M$41,3,FALSE()),""),"")) | U6: =IF(A6="",0,IF(COUNTIF($A$5:A6,A6)=1,1,0)) -> 0
T7: =IF(OR(C7="",IFERROR(VLOOKUP(B7,'1 Setup & Keys'!$K$32:$M$41,3,FALSE()),"")=""),"",IFERROR(COUNTIF(D7:R7,">="&'1 Setup & Keys'!$B$27)/IFERROR(VLOOKUP(B7,'1 Setup & Keys'!$K$32:$M$41,3,FALSE()),""),"")) | U7: =IF(A7="",0,IF(COUNTIF($A$5:A7,A7)=1,1,0)) -> 0
T8: =IF(OR(C8="",IFERROR(VLOOKUP(B8,'1 Setup & Keys'!$K$32:$M$41,3,FALSE()),"")=""),"",IFERROR(COUNTIF(D8:R8,">="&'1 Setup & Keys'!$B$27)/IFERROR(VLOOKUP(B8,'1 Setup & Keys'!$K$32:$M$41,3,FALSE()),""),"")) | U8: =IF(A8="",0,IF(COUNTIF($A$5:A8,A8)=1,1,0)) -> 0
T9: =IF(OR(C9="",IFERROR(VLOOKUP(B9,'1 Setup & Keys'!$K$32:$M$41,3,FALSE()),"")=""),"",IFERROR(COUNTIF(D9:R9,">="&'1 Setup & Keys'!$B$27)/IFERROR(VLOOKUP(B9,'1 Setup & Keys'!$K$32:$M$41,3,FALSE()),""),"")) | U9: =IF(A9="",0,IF(COUNTIF($A$5:A9,A9)=1,1,0)) -> 0
T10: =IF(OR(C10="",IFERROR(VLOOKUP(B10,'1 Setup & Keys'!$K$32:$M$41,3,FALSE()),"")=""),"",IFERROR(COUNTIF(D10:R10,">="&'1 Setup & Keys'!$B$27)/IFERROR(VLOOKUP(B10,'1 Setup & Keys'!$K$32:$M$41,3,FALSE()),""),"")) | U10: =IF(A10="",0,IF(COUNTIF($A$5:A10,A10)=1,1,0)) -> 0
T11: =IF(OR(C11="",IFERROR(VLOOKUP(B11,'1 Setup & Keys'!$K$32:$M$41,3,FALSE()),"")=""),"",IFERROR(COUNTIF(D11:R11,">="&'1 Setup & Keys'!$B$27)/IFERROR(VLOOKUP(B11,'1 Setup & Keys'!$K$32:$M$41,3,FALSE()),""),"")) | U11: =IF(A11="",0,IF(COUNTIF($A$5:A11,A11)=1,1,0)) -> 0
T12: =IF(OR(C12="",IFERROR(VLOOKUP(B12,'1 Setup & Keys'!$K$32:$M$41,3,FALSE()),"")=""),"",IFERROR(COUNTIF(D12:R12,">="&'1 Setup & Keys'!$B$27)/IFERROR(VLOOKUP(B12,'1 Setup & Keys'!$K$32:$M$41,3,FALSE()),""),"")) | U12: =IF(A12="",0,IF(COUNTIF($A$5:A12,A12)=1,1,0)) -> 0
T13: =IF(OR(C13="",IFERROR(VLOOKUP(B13,'1 Setup & Keys'!$K$32:$M$41,3,FALSE()),"")=""),"",IFERROR(COUNTIF(D13:R13,">="&'1 Setup & Keys'!$B$27)/IFERROR(VLOOKUP(B13,'1 Setup & Keys'!$K$32:$M$41,3,FALSE()),""),"")) | U13: =IF(A13="",0,IF(COUNTIF($A$5:A13,A13)=1,1,0)) -> 0
T14: =IF(OR(C14="",IFERROR(VLOOKUP(B14,'1 Setup & Keys'!$K$32:$M$41,3,FALSE()),"")=""),"",IFERROR(COUNTIF(D14:R14,">="&'1 Setup & Keys'!$B$27)/IFERROR(VLOOKUP(B14,'1 Setup & Keys'!$K$32:$M$41,3,FALSE()),""),"")) | U14: =IF(A14="",0,IF(COUNTIF($A$5:A14,A14)=1,1,0)) -> 0
T15: =IF(OR(C15="",IFERROR(VLOOKUP(B15,'1 Setup & Keys'!$K$32:$M$41,3,FALSE()),"")=""),"",IFERROR(COUNTIF(D15:R15,">="&'1 Setup & Keys'!$B$27)/IFERROR(VLOOKUP(B15,'1 Setup & Keys'!$K$32:$M$41,3,FALSE()),""),"")) | U15: =IF(A15="",0,IF(COUNTIF($A$5:A15,A15)=1,1,0)) -> 0
T16: =IF(OR(C16="",IFERROR(VLOOKUP(B16,'1 Setup & Keys'!$K$32:$M$41,3,FALSE()),"")=""),"",IFERROR(COUNTIF(D16:R16,">="&'1 Setup & Keys'!$B$27)/IFERROR(VLOOKUP(B16,'1 Setup & Keys'!$K$32:$M$41,3,FALSE()),""),"")) | U16: =IF(A16="",0,IF(COUNTIF($A$5:A16,A16)=1,1,0)) -> 0
... T154: =IF(OR(C154="",IFERROR(VLOOKUP(B154,'1 Setup & Keys'!$K$32:$M$41,3,FALSE()),"")=""),"",IFERROR(COUNTIF(D154:R154,">="&'1 Setup & Keys'!$B$27)/IFERROR(VLOOKUP(B154,'1 Setup & Keys'!$K$32:$M$41,3,FALSE()),""),"")) | U154: =IF(A154="",0,IF(COUNTIF($A$5:A154,A154)=1,1,0)) -> 0

Sheet 4 Import Leadership
A1: Import — Leadership Survey (M-O1-LT, decision rights)
A2: One row per respondent per decision. Enter A to H. Helper columns I to N are calculated.
A4: Respondent | B4: Decision ID | C4: Recommend | D4: Agree | E4: Perform | F4: Input | G4: Decides | H4: Clarity (1-5) | I4: cntR | J4: cntA | K4: cntP | L4: cntI | M4: cntD | N4: New resp?
I5: =IF(OR($B5="",C5=""),"",COUNTIFS($B$5:$B$154,$B5,C$5:C$154,C5)) | J5: =IF(OR($B5="",D5=""),"",COUNTIFS($B$5:$B$154,$B5,D$5:D$154,D5)) | K5: =IF(OR($B5="",E5=""),"",COUNTIFS($B$5:$B$154,$B5,E$5:E$154,E5)) | L5: =IF(OR($B5="",F5=""),"",COUNTIFS($B$5:$B$154,$B5,F$5:F$154,F5)) | M5: =IF(OR($B5="",G5=""),"",COUNTIFS($B$5:$B$154,$B5,G$5:G$154,G5)) | N5: =IF(A5="",0,IF(COUNTIF($A$5:A5,A5)=1,1,0)) -> 0
I6: =IF(OR($B6="",C6=""),"",COUNTIFS($B$5:$B$154,$B6,C$5:C$154,C6)) | J6: =IF(OR($B6="",D6=""),"",COUNTIFS($B$5:$B$154,$B6,D$5:D$154,D6)) | K6: =IF(OR($B6="",E6=""),"",COUNTIFS($B$5:$B$154,$B6,E$5:E$154,E6)) | L6: =IF(OR($B6="",F6=""),"",COUNTIFS($B$5:$B$154,$B6,F$5:F$154,F6)) | M6: =IF(OR($B6="",G6=""),"",COUNTIFS($B$5:$B$154,$B6,G$5:G$154,G6)) | N6: =IF(A6="",0,IF(COUNTIF($A$5:A6,A6)=1,1,0)) -> 0
I7: =IF(OR($B7="",C7=""),"",COUNTIFS($B$5:$B$154,$B7,C$5:C$154,C7)) | J7: =IF(OR($B7="",D7=""),"",COUNTIFS($B$5:$B$154,$B7,D$5:D$154,D7)) | K7: =IF(OR($B7="",E7=""),"",COUNTIFS($B$5:$B$154,$B7,E$5:E$154,E7)) | L7: =IF(OR($B7="",F7=""),"",COUNTIFS($B$5:$B$154,$B7,F$5:F$154,F7)) | M7: =IF(OR($B7="",G7=""),"",COUNTIFS($B$5:$B$154,$B7,G$5:G$154,G7)) | N7: =IF(A7="",0,IF(COUNTIF($A$5:A7,A7)=1,1,0)) -> 0
I8: =IF(OR($B8="",C8=""),"",COUNTIFS($B$5:$B$154,$B8,C$5:C$154,C8)) | J8: =IF(OR($B8="",D8=""),"",COUNTIFS($B$5:$B$154,$B8,D$5:D$154,D8)) | K8: =IF(OR($B8="",E8=""),"",COUNTIFS($B$5:$B$154,$B8,E$5:E$154,E8)) | L8: =IF(OR($B8="",F8=""),"",COUNTIFS($B$5:$B$154,$B8,F$5:F$154,F8)) | M8: =IF(OR($B8="",G8=""),"",COUNTIFS($B$5:$B$154,$B8,G$5:G$154,G8)) | N8: =IF(A8="",0,IF(COUNTIF($A$5:A8,A8)=1,1,0)) -> 0
I9: =IF(OR($B9="",C9=""),"",COUNTIFS($B$5:$B$154,$B9,C$5:C$154,C9)) | J9: =IF(OR($B9="",D9=""),"",COUNTIFS($B$5:$B$154,$B9,D$5:D$154,D9)) | K9: =IF(OR($B9="",E9=""),"",COUNTIFS($B$5:$B$154,$B9,E$5:E$154,E9)) | L9: =IF(OR($B9="",F9=""),"",COUNTIFS($B$5:$B$154,$B9,F$5:F$154,F9)) | M9: =IF(OR($B9="",G9=""),"",COUNTIFS($B$5:$B$154,$B9,G$5:G$154,G9)) | N9: =IF(A9="",0,IF(COUNTIF($A$5:A9,A9)=1,1,0)) -> 0
I10: =IF(OR($B10="",C10=""),"",COUNTIFS($B$5:$B$154,$B10,C$5:C$154,C10)) | J10: =IF(OR($B10="",D10=""),"",COUNTIFS($B$5:$B$154,$B10,D$5:D$154,D10)) | K10: =IF(OR($B10="",E10=""),"",COUNTIFS($B$5:$B$154,$B10,E$5:E$154,E10)) | L10: =IF(OR($B10="",F10=""),"",COUNTIFS($B$5:$B$154,$B10,F$5:F$154,F10)) | M10: =IF(OR($B10="",G10=""),"",COUNTIFS($B$5:$B$154,$B10,G$5:G$154,G10)) | N10: =IF(A10="",0,IF(COUNTIF($A$5:A10,A10)=1,1,0)) -> 0
I11: =IF(OR($B11="",C11=""),"",COUNTIFS($B$5:$B$154,$B11,C$5:C$154,C11)) | J11: =IF(OR($B11="",D11=""),"",COUNTIFS($B$5:$B$154,$B11,D$5:D$154,D11)) | K11: =IF(OR($B11="",E11=""),"",COUNTIFS($B$5:$B$154,$B11,E$5:E$154,E11)) | L11: =IF(OR($B11="",F11=""),"",COUNTIFS($B$5:$B$154,$B11,F$5:F$154,F11)) | M11: =IF(OR($B11="",G11=""),"",COUNTIFS($B$5:$B$154,$B11,G$5:G$154,G11)) | N11: =IF(A11="",0,IF(COUNTIF($A$5:A11,A11)=1,1,0)) -> 0
I12: =IF(OR($B12="",C12=""),"",COUNTIFS($B$5:$B$154,$B12,C$5:C$154,C12)) | J12: =IF(OR($B12="",D12=""),"",COUNTIFS($B$5:$B$154,$B12,D$5:D$154,D12)) | K12: =IF(OR($B12="",E12=""),"",COUNTIFS($B$5:$B$154,$B12,E$5:E$154,E12)) | L12: =IF(OR($B12="",F12=""),"",COUNTIFS($B$5:$B$154,$B12,F$5:F$154,F12)) | M12: =IF(OR($B12="",G12=""),"",COUNTIFS($B$5:$B$154,$B12,G$5:G$154,G12)) | N12: =IF(A12="",0,IF(COUNTIF($A$5:A12,A12)=1,1,0)) -> 0
I13: =IF(OR($B13="",C13=""),"",COUNTIFS($B$5:$B$154,$B13,C$5:C$154,C13)) | J13: =IF(OR($B13="",D13=""),"",COUNTIFS($B$5:$B$154,$B13,D$5:D$154,D13)) | K13: =IF(OR($B13="",E13=""),"",COUNTIFS($B$5:$B$154,$B13,E$5:E$154,E13)) | L13: =IF(OR($B13="",F13=""),"",COUNTIFS($B$5:$B$154,$B13,F$5:F$154,F13)) | M13: =IF(OR($B13="",G13=""),"",COUNTIFS($B$5:$B$154,$B13,G$5:G$154,G13)) | N13: =IF(A13="",0,IF(COUNTIF($A$5:A13,A13)=1,1,0)) -> 0
I14: =IF(OR($B14="",C14=""),"",COUNTIFS($B$5:$B$154,$B14,C$5:C$154,C14)) | J14: =IF(OR($B14="",D14=""),"",COUNTIFS($B$5:$B$154,$B14,D$5:D$154,D14)) | K14: =IF(OR($B14="",E14=""),"",COUNTIFS($B$5:$B$154,$B14,E$5:E$154,E14)) | L14: =IF(OR($B14="",F14=""),"",COUNTIFS($B$5:$B$154,$B14,F$5:F$154,F14)) | M14: =IF(OR($B14="",G14=""),"",COUNTIFS($B$5:$B$154,$B14,G$5:G$154,G14)) | N14: =IF(A14="",0,IF(COUNTIF($A$5:A14,A14)=1,1,0)) -> 0
I15: =IF(OR($B15="",C15=""),"",COUNTIFS($B$5:$B$154,$B15,C$5:C$154,C15)) | J15: =IF(OR($B15="",D15=""),"",COUNTIFS($B$5:$B$154,$B15,D$5:D$154,D15)) | K15: =IF(OR($B15="",E15=""),"",COUNTIFS($B$5:$B$154,$B15,E$5:E$154,E15)) | L15: =IF(OR($B15="",F15=""),"",COUNTIFS($B$5:$B$154,$B15,F$5:F$154,F15)) | M15: =IF(OR($B15="",G15=""),"",COUNTIFS($B$5:$B$154,$B15,G$5:G$154,G15)) | N15: =IF(A15="",0,IF(COUNTIF($A$5:A15,A15)=1,1,0)) -> 0
I16: =IF(OR($B16="",C16=""),"",COUNTIFS($B$5:$B$154,$B16,C$5:C$154,C16)) | J16: =IF(OR($B16="",D16=""),"",COUNTIFS($B$5:$B$154,$B16,D$5:D$154,D16)) | K16: =IF(OR($B16="",E16=""),"",COUNTIFS($B$5:$B$154,$B16,E$5:E$154,E16)) | L16: =IF(OR($B16="",F16=""),"",COUNTIFS($B$5:$B$154,$B16,F$5:F$154,F16)) | M16: =IF(OR($B16="",G16=""),"",COUNTIFS($B$5:$B$154,$B16,G$5:G$154,G16)) | N16: =IF(A16="",0,IF(COUNTIF($A$5:A16,A16)=1,1,0)) -> 0
... I154: =IF(OR($B154="",C154=""),"",COUNTIFS($B$5:$B$154,$B154,C$5:C$154,C154)) | J154: =IF(OR($B154="",D154=""),"",COUNTIFS($B$5:$B$154,$B154,D$5:D$154,D154)) | K154: =IF(OR($B154="",E154=""),"",COUNTIFS($B$5:$B$154,$B154,E$5:E$154,E154)) | L154: =IF(OR($B154="",F154=""),"",COUNTIFS($B$5:$B$154,$B154,F$5:F$154,F154)) | M154: =IF(OR($B154="",G154=""),"",COUNTIFS($B$5:$B$154,$B154,G$5:G$154,G154)) | N154: =IF(A154="",0,IF(COUNTIF($A$5:A154,A154)=1,1,0)) -> 0

Sheet 5 Import TeamLeader
A1: Import — Team-Leader Survey (M-C5-TL, learning velocity)
A2: One row per team leader. Enter the 12 calibrated items (1-5). Per-leader score is calculated.
A4: Team leader | B4: C5L-01 | C4: C5L-02 | D4: C5L-03 | E4: C5L-04 | F4: C5L-05 | G4: C5L-06 | H4: C5L-07 | I4: C5L-08 | J4: C5L-09 | K4: C5L-10 | L4: C5L-11 | M4: C5L-12 | N4: Per-leader score
N5: =IF(COUNT(B5:M5)=0,"",(AVERAGE(B5:M5)-1)*25)
N6: =IF(COUNT(B6:M6)=0,"",(AVERAGE(B6:M6)-1)*25)
N7: =IF(COUNT(B7:M7)=0,"",(AVERAGE(B7:M7)-1)*25)
N8: =IF(COUNT(B8:M8)=0,"",(AVERAGE(B8:M8)-1)*25)
N9: =IF(COUNT(B9:M9)=0,"",(AVERAGE(B9:M9)-1)*25)
N10: =IF(COUNT(B10:M10)=0,"",(AVERAGE(B10:M10)-1)*25)
N11: =IF(COUNT(B11:M11)=0,"",(AVERAGE(B11:M11)-1)*25)
N12: =IF(COUNT(B12:M12)=0,"",(AVERAGE(B12:M12)-1)*25)
N13: =IF(COUNT(B13:M13)=0,"",(AVERAGE(B13:M13)-1)*25)
N14: =IF(COUNT(B14:M14)=0,"",(AVERAGE(B14:M14)-1)*25)
N15: =IF(COUNT(B15:M15)=0,"",(AVERAGE(B15:M15)-1)*25)
N16: =IF(COUNT(B16:M16)=0,"",(AVERAGE(B16:M16)-1)*25)
... N44: =IF(COUNT(B44:M44)=0,"",(AVERAGE(B44:M44)-1)*25)

Sheet 6 Import DLP
A1: Import — DLP Survey (M-DLP-PART, decision latency)
A2: One row per respondent per decision. Enter A to F. Latency and distinct-respondent flag are calculated.
A4: Respondent | B4: Decision ID | C4: Date identified (DLP-01) | D4: Date authorised (DLP-02) | E4: Quality (1-3) | F4: Notes (pathway/delay/systemic) | G4: Latency (days) | H4: New resp?
G5: =IF(OR(C5="",D5=""),"",D5-C5) | H5: =IF(A5="",0,IF(COUNTIF($A$5:A5,A5)=1,1,0)) -> 0
G6: =IF(OR(C6="",D6=""),"",D6-C6) | H6: =IF(A6="",0,IF(COUNTIF($A$5:A6,A6)=1,1,0)) -> 0
G7: =IF(OR(C7="",D7=""),"",D7-C7) | H7: =IF(A7="",0,IF(COUNTIF($A$5:A7,A7)=1,1,0)) -> 0
G8: =IF(OR(C8="",D8=""),"",D8-C8) | H8: =IF(A8="",0,IF(COUNTIF($A$5:A8,A8)=1,1,0)) -> 0
G9: =IF(OR(C9="",D9=""),"",D9-C9) | H9: =IF(A9="",0,IF(COUNTIF($A$5:A9,A9)=1,1,0)) -> 0
G10: =IF(OR(C10="",D10=""),"",D10-C10) | H10: =IF(A10="",0,IF(COUNTIF($A$5:A10,A10)=1,1,0)) -> 0
G11: =IF(OR(C11="",D11=""),"",D11-C11) | H11: =IF(A11="",0,IF(COUNTIF($A$5:A11,A11)=1,1,0)) -> 0
G12: =IF(OR(C12="",D12=""),"",D12-C12) | H12: =IF(A12="",0,IF(COUNTIF($A$5:A12,A12)=1,1,0)) -> 0
G13: =IF(OR(C13="",D13=""),"",D13-C13) | H13: =IF(A13="",0,IF(COUNTIF($A$5:A13,A13)=1,1,0)) -> 0
G14: =IF(OR(C14="",D14=""),"",D14-C14) | H14: =IF(A14="",0,IF(COUNTIF($A$5:A14,A14)=1,1,0)) -> 0
G15: =IF(OR(C15="",D15=""),"",D15-C15) | H15: =IF(A15="",0,IF(COUNTIF($A$5:A15,A15)=1,1,0)) -> 0
G16: =IF(OR(C16="",D16=""),"",D16-C16) | H16: =IF(A16="",0,IF(COUNTIF($A$5:A16,A16)=1,1,0)) -> 0
... G204: =IF(OR(C204="",D204=""),"",D204-C204) | H204: =IF(A204="",0,IF(COUNTIF($A$5:A204,A204)=1,1,0)) -> 0

Sheet 7 Screening
A1: Response Screening (main survey)
A2: Validity flag per respondent. Means and all-member modules compute over VALID rows only. Speed-clicking not available on Google Forms (see footer).
A4: Row | B4: Answered | C4: Fwd mean (raw) | D4: Rev mean (raw) | E4: Max | F4: Min | G4: All-same | H4: Straight-lining | I4: VALID
A5: =IF(COUNT('2 Import Main'!C5:DB5)=0,"",5) | B5: =COUNT('2 Import Main'!C5:DB5) -> 0 | C5: =IFERROR(AVERAGEIF('2 Import Main'!$C$3:$DB$3,"F",'2 Import Main'!C5:DB5),"") | D5: =IFERROR(AVERAGEIF('2 Import Main'!$C$3:$DB$3,"R",'2 Import Main'!C5:DB5),"") | E5: =IFERROR(MAX('2 Import Main'!C5:DB5),"") -> 0 | F5: =IFERROR(MIN('2 Import Main'!C5:DB5),"") -> 0 | G5: =IF(B5=0,"",IF(E5=F5,1,0)) | H5: =IF(OR(B5=0,C5="",D5=""),0,IF(OR(AND(C5>=4,D5>=4),AND(C5<=2,D5<=2)),1,0)) -> 0 | I5: =IF(B5=0,"",IF(OR(G5=1,H5=1),0,1))
A6: =IF(COUNT('2 Import Main'!C6:DB6)=0,"",6) | B6: =COUNT('2 Import Main'!C6:DB6) -> 0 | C6: =IFERROR(AVERAGEIF('2 Import Main'!$C$3:$DB$3,"F",'2 Import Main'!C6:DB6),"") | D6: =IFERROR(AVERAGEIF('2 Import Main'!$C$3:$DB$3,"R",'2 Import Main'!C6:DB6),"") | E6: =IFERROR(MAX('2 Import Main'!C6:DB6),"") -> 0 | F6: =IFERROR(MIN('2 Import Main'!C6:DB6),"") -> 0 | G6: =IF(B6=0,"",IF(E6=F6,1,0)) | H6: =IF(OR(B6=0,C6="",D6=""),0,IF(OR(AND(C6>=4,D6>=4),AND(C6<=2,D6<=2)),1,0)) -> 0 | I6: =IF(B6=0,"",IF(OR(G6=1,H6=1),0,1))
A7: =IF(COUNT('2 Import Main'!C7:DB7)=0,"",7) | B7: =COUNT('2 Import Main'!C7:DB7) -> 0 | C7: =IFERROR(AVERAGEIF('2 Import Main'!$C$3:$DB$3,"F",'2 Import Main'!C7:DB7),"") | D7: =IFERROR(AVERAGEIF('2 Import Main'!$C$3:$DB$3,"R",'2 Import Main'!C7:DB7),"") | E7: =IFERROR(MAX('2 Import Main'!C7:DB7),"") -> 0 | F7: =IFERROR(MIN('2 Import Main'!C7:DB7),"") -> 0 | G7: =IF(B7=0,"",IF(E7=F7,1,0)) | H7: =IF(OR(B7=0,C7="",D7=""),0,IF(OR(AND(C7>=4,D7>=4),AND(C7<=2,D7<=2)),1,0)) -> 0 | I7: =IF(B7=0,"",IF(OR(G7=1,H7=1),0,1))
A8: =IF(COUNT('2 Import Main'!C8:DB8)=0,"",8) | B8: =COUNT('2 Import Main'!C8:DB8) -> 0 | C8: =IFERROR(AVERAGEIF('2 Import Main'!$C$3:$DB$3,"F",'2 Import Main'!C8:DB8),"") | D8: =IFERROR(AVERAGEIF('2 Import Main'!$C$3:$DB$3,"R",'2 Import Main'!C8:DB8),"") | E8: =IFERROR(MAX('2 Import Main'!C8:DB8),"") -> 0 | F8: =IFERROR(MIN('2 Import Main'!C8:DB8),"") -> 0 | G8: =IF(B8=0,"",IF(E8=F8,1,0)) | H8: =IF(OR(B8=0,C8="",D8=""),0,IF(OR(AND(C8>=4,D8>=4),AND(C8<=2,D8<=2)),1,0)) -> 0 | I8: =IF(B8=0,"",IF(OR(G8=1,H8=1),0,1))
A9: =IF(COUNT('2 Import Main'!C9:DB9)=0,"",9) | B9: =COUNT('2 Import Main'!C9:DB9) -> 0 | C9: =IFERROR(AVERAGEIF('2 Import Main'!$C$3:$DB$3,"F",'2 Import Main'!C9:DB9),"") | D9: =IFERROR(AVERAGEIF('2 Import Main'!$C$3:$DB$3,"R",'2 Import Main'!C9:DB9),"") | E9: =IFERROR(MAX('2 Import Main'!C9:DB9),"") -> 0 | F9: =IFERROR(MIN('2 Import Main'!C9:DB9),"") -> 0 | G9: =IF(B9=0,"",IF(E9=F9,1,0)) | H9: =IF(OR(B9=0,C9="",D9=""),0,IF(OR(AND(C9>=4,D9>=4),AND(C9<=2,D9<=2)),1,0)) -> 0 | I9: =IF(B9=0,"",IF(OR(G9=1,H9=1),0,1))
A10: =IF(COUNT('2 Import Main'!C10:DB10)=0,"",10) | B10: =COUNT('2 Import Main'!C10:DB10) -> 0 | C10: =IFERROR(AVERAGEIF('2 Import Main'!$C$3:$DB$3,"F",'2 Import Main'!C10:DB10),"") | D10: =IFERROR(AVERAGEIF('2 Import Main'!$C$3:$DB$3,"R",'2 Import Main'!C10:DB10),"") | E10: =IFERROR(MAX('2 Import Main'!C10:DB10),"") -> 0 | F10: =IFERROR(MIN('2 Import Main'!C10:DB10),"") -> 0 | G10: =IF(B10=0,"",IF(E10=F10,1,0)) | H10: =IF(OR(B10=0,C10="",D10=""),0,IF(OR(AND(C10>=4,D10>=4),AND(C10<=2,D10<=2)),1,0)) -> 0 | I10: =IF(B10=0,"",IF(OR(G10=1,H10=1),0,1))
A11: =IF(COUNT('2 Import Main'!C11:DB11)=0,"",11) | B11: =COUNT('2 Import Main'!C11:DB11) -> 0 | C11: =IFERROR(AVERAGEIF('2 Import Main'!$C$3:$DB$3,"F",'2 Import Main'!C11:DB11),"") | D11: =IFERROR(AVERAGEIF('2 Import Main'!$C$3:$DB$3,"R",'2 Import Main'!C11:DB11),"") | E11: =IFERROR(MAX('2 Import Main'!C11:DB11),"") -> 0 | F11: =IFERROR(MIN('2 Import Main'!C11:DB11),"") -> 0 | G11: =IF(B11=0,"",IF(E11=F11,1,0)) | H11: =IF(OR(B11=0,C11="",D11=""),0,IF(OR(AND(C11>=4,D11>=4),AND(C11<=2,D11<=2)),1,0)) -> 0 | I11: =IF(B11=0,"",IF(OR(G11=1,H11=1),0,1))
A12: =IF(COUNT('2 Import Main'!C12:DB12)=0,"",12) | B12: =COUNT('2 Import Main'!C12:DB12) -> 0 | C12: =IFERROR(AVERAGEIF('2 Import Main'!$C$3:$DB$3,"F",'2 Import Main'!C12:DB12),"") | D12: =IFERROR(AVERAGEIF('2 Import Main'!$C$3:$DB$3,"R",'2 Import Main'!C12:DB12),"") | E12: =IFERROR(MAX('2 Import Main'!C12:DB12),"") -> 0 | F12: =IFERROR(MIN('2 Import Main'!C12:DB12),"") -> 0 | G12: =IF(B12=0,"",IF(E12=F12,1,0)) | H12: =IF(OR(B12=0,C12="",D12=""),0,IF(OR(AND(C12>=4,D12>=4),AND(C12<=2,D12<=2)),1,0)) -> 0 | I12: =IF(B12=0,"",IF(OR(G12=1,H12=1),0,1))
A13: =IF(COUNT('2 Import Main'!C13:DB13)=0,"",13) | B13: =COUNT('2 Import Main'!C13:DB13) -> 0 | C13: =IFERROR(AVERAGEIF('2 Import Main'!$C$3:$DB$3,"F",'2 Import Main'!C13:DB13),"") | D13: =IFERROR(AVERAGEIF('2 Import Main'!$C$3:$DB$3,"R",'2 Import Main'!C13:DB13),"") | E13: =IFERROR(MAX('2 Import Main'!C13:DB13),"") -> 0 | F13: =IFERROR(MIN('2 Import Main'!C13:DB13),"") -> 0 | G13: =IF(B13=0,"",IF(E13=F13,1,0)) | H13: =IF(OR(B13=0,C13="",D13=""),0,IF(OR(AND(C13>=4,D13>=4),AND(C13<=2,D13<=2)),1,0)) -> 0 | I13: =IF(B13=0,"",IF(OR(G13=1,H13=1),0,1))
A14: =IF(COUNT('2 Import Main'!C14:DB14)=0,"",14) | B14: =COUNT('2 Import Main'!C14:DB14) -> 0 | C14: =IFERROR(AVERAGEIF('2 Import Main'!$C$3:$DB$3,"F",'2 Import Main'!C14:DB14),"") | D14: =IFERROR(AVERAGEIF('2 Import Main'!$C$3:$DB$3,"R",'2 Import Main'!C14:DB14),"") | E14: =IFERROR(MAX('2 Import Main'!C14:DB14),"") -> 0 | F14: =IFERROR(MIN('2 Import Main'!C14:DB14),"") -> 0 | G14: =IF(B14=0,"",IF(E14=F14,1,0)) | H14: =IF(OR(B14=0,C14="",D14=""),0,IF(OR(AND(C14>=4,D14>=4),AND(C14<=2,D14<=2)),1,0)) -> 0 | I14: =IF(B14=0,"",IF(OR(G14=1,H14=1),0,1))
A15: =IF(COUNT('2 Import Main'!C15:DB15)=0,"",15) | B15: =COUNT('2 Import Main'!C15:DB15) -> 0 | C15: =IFERROR(AVERAGEIF('2 Import Main'!$C$3:$DB$3,"F",'2 Import Main'!C15:DB15),"") | D15: =IFERROR(AVERAGEIF('2 Import Main'!$C$3:$DB$3,"R",'2 Import Main'!C15:DB15),"") | E15: =IFERROR(MAX('2 Import Main'!C15:DB15),"") -> 0 | F15: =IFERROR(MIN('2 Import Main'!C15:DB15),"") -> 0 | G15: =IF(B15=0,"",IF(E15=F15,1,0)) | H15: =IF(OR(B15=0,C15="",D15=""),0,IF(OR(AND(C15>=4,D15>=4),AND(C15<=2,D15<=2)),1,0)) -> 0 | I15: =IF(B15=0,"",IF(OR(G15=1,H15=1),0,1))
A16: =IF(COUNT('2 Import Main'!C16:DB16)=0,"",16) | B16: =COUNT('2 Import Main'!C16:DB16) -> 0 | C16: =IFERROR(AVERAGEIF('2 Import Main'!$C$3:$DB$3,"F",'2 Import Main'!C16:DB16),"") | D16: =IFERROR(AVERAGEIF('2 Import Main'!$C$3:$DB$3,"R",'2 Import Main'!C16:DB16),"") | E16: =IFERROR(MAX('2 Import Main'!C16:DB16),"") -> 0 | F16: =IFERROR(MIN('2 Import Main'!C16:DB16),"") -> 0 | G16: =IF(B16=0,"",IF(E16=F16,1,0)) | H16: =IF(OR(B16=0,C16="",D16=""),0,IF(OR(AND(C16>=4,D16>=4),AND(C16<=2,D16<=2)),1,0)) -> 0 | I16: =IF(B16=0,"",IF(OR(G16=1,H16=1),0,1))
A17: =IF(COUNT('2 Import Main'!C17:DB17)=0,"",17) | B17: =COUNT('2 Import Main'!C17:DB17) -> 0 | C17: =IFERROR(AVERAGEIF('2 Import Main'!$C$3:$DB$3,"F",'2 Import Main'!C17:DB17),"") | D17: =IFERROR(AVERAGEIF('2 Import Main'!$C$3:$DB$3,"R",'2 Import Main'!C17:DB17),"") | E17: =IFERROR(MAX('2 Import Main'!C17:DB17),"") -> 0 | F17: =IFERROR(MIN('2 Import Main'!C17:DB17),"") -> 0 | G17: =IF(B17=0,"",IF(E17=F17,1,0)) | H17: =IF(OR(B17=0,C17="",D17=""),0,IF(OR(AND(C17>=4,D17>=4),AND(C17<=2,D17<=2)),1,0)) -> 0 | I17: =IF(B17=0,"",IF(OR(G17=1,H17=1),0,1))
A18: =IF(COUNT('2 Import Main'!C18:DB18)=0,"",18) | B18: =COUNT('2 Import Main'!C18:DB18) -> 0 | C18: =IFERROR(AVERAGEIF('2 Import Main'!$C$3:$DB$3,"F",'2 Import Main'!C18:DB18),"") | D18: =IFERROR(AVERAGEIF('2 Import Main'!$C$3:$DB$3,"R",'2 Import Main'!C18:DB18),"") | E18: =IFERROR(MAX('2 Import Main'!C18:DB18),"") -> 0 | F18: =IFERROR(MIN('2 Import Main'!C18:DB18),"") -> 0 | G18: =IF(B18=0,"",IF(E18=F18,1,0)) | H18: =IF(OR(B18=0,C18="",D18=""),0,IF(OR(AND(C18>=4,D18>=4),AND(C18<=2,D18<=2)),1,0)) -> 0 | I18: =IF(B18=0,"",IF(OR(G18=1,H18=1),0,1))
A19: =IF(COUNT('2 Import Main'!C19:DB19)=0,"",19) | B19: =COUNT('2 Import Main'!C19:DB19) -> 0 | C19: =IFERROR(AVERAGEIF('2 Import Main'!$C$3:$DB$3,"F",'2 Import Main'!C19:DB19),"") | D19: =IFERROR(AVERAGEIF('2 Import Main'!$C$3:$DB$3,"R",'2 Import Main'!C19:DB19),"") | E19: =IFERROR(MAX('2 Import Main'!C19:DB19),"") -> 0 | F19: =IFERROR(MIN('2 Import Main'!C19:DB19),"") -> 0 | G19: =IF(B19=0,"",IF(E19=F19,1,0)) | H19: =IF(OR(B19=0,C19="",D19=""),0,IF(OR(AND(C19>=4,D19>=4),AND(C19<=2,D19<=2)),1,0)) -> 0 | I19: =IF(B19=0,"",IF(OR(G19=1,H19=1),0,1))
A20: =IF(COUNT('2 Import Main'!C20:DB20)=0,"",20) | B20: =COUNT('2 Import Main'!C20:DB20) -> 0 | C20: =IFERROR(AVERAGEIF('2 Import Main'!$C$3:$DB$3,"F",'2 Import Main'!C20:DB20),"") | D20: =IFERROR(AVERAGEIF('2 Import Main'!$C$3:$DB$3,"R",'2 Import Main'!C20:DB20),"") | E20: =IFERROR(MAX('2 Import Main'!C20:DB20),"") -> 0 | F20: =IFERROR(MIN('2 Import Main'!C20:DB20),"") -> 0 | G20: =IF(B20=0,"",IF(E20=F20,1,0)) | H20: =IF(OR(B20=0,C20="",D20=""),0,IF(OR(AND(C20>=4,D20>=4),AND(C20<=2,D20<=2)),1,0)) -> 0 | I20: =IF(B20=0,"",IF(OR(G20=1,H20=1),0,1))
A21: =IF(COUNT('2 Import Main'!C21:DB21)=0,"",21) | B21: =COUNT('2 Import Main'!C21:DB21) -> 0 | C21: =IFERROR(AVERAGEIF('2 Import Main'!$C$3:$DB$3,"F",'2 Import Main'!C21:DB21),"") | D21: =IFERROR(AVERAGEIF('2 Import Main'!$C$3:$DB$3,"R",'2 Import Main'!C21:DB21),"") | E21: =IFERROR(MAX('2 Import Main'!C21:DB21),"") -> 0 | F21: =IFERROR(MIN('2 Import Main'!C21:DB21),"") -> 0 | G21: =IF(B21=0,"",IF(E21=F21,1,0)) | H21: =IF(OR(B21=0,C21="",D21=""),0,IF(OR(AND(C21>=4,D21>=4),AND(C21<=2,D21<=2)),1,0)) -> 0 | I21: =IF(B21=0,"",IF(OR(G21=1,H21=1),0,1))
A22: =IF(COUNT('2 Import Main'!C22:DB22)=0,"",22) | B22: =COUNT('2 Import Main'!C22:DB22) -> 0 | C22: =IFERROR(AVERAGEIF('2 Import Main'!$C$3:$DB$3,"F",'2 Import Main'!C22:DB22),"") | D22: =IFERROR(AVERAGEIF('2 Import Main'!$C$3:$DB$3,"R",'2 Import Main'!C22:DB22),"") | E22: =IFERROR(MAX('2 Import Main'!C22:DB22),"") -> 0 | F22: =IFERROR(MIN('2 Import Main'!C22:DB22),"") -> 0 | G22: =IF(B22=0,"",IF(E22=F22,1,0)) | H22: =IF(OR(B22=0,C22="",D22=""),0,IF(OR(AND(C22>=4,D22>=4),AND(C22<=2,D22<=2)),1,0)) -> 0 | I22: =IF(B22=0,"",IF(OR(G22=1,H22=1),0,1))
A23: =IF(COUNT('2 Import Main'!C23:DB23)=0,"",23) | B23: =COUNT('2 Import Main'!C23:DB23) -> 0 | C23: =IFERROR(AVERAGEIF('2 Import Main'!$C$3:$DB$3,"F",'2 Import Main'!C23:DB23),"") | D23: =IFERROR(AVERAGEIF('2 Import Main'!$C$3:$DB$3,"R",'2 Import Main'!C23:DB23),"") | E23: =IFERROR(MAX('2 Import Main'!C23:DB23),"") -> 0 | F23: =IFERROR(MIN('2 Import Main'!C23:DB23),"") -> 0 | G23: =IF(B23=0,"",IF(E23=F23,1,0)) | H23: =IF(OR(B23=0,C23="",D23=""),0,IF(OR(AND(C23>=4,D23>=4),AND(C23<=2,D23<=2)),1,0)) -> 0 | I23: =IF(B23=0,"",IF(OR(G23=1,H23=1),0,1))
A24: =IF(COUNT('2 Import Main'!C24:DB24)=0,"",24) | B24: =COUNT('2 Import Main'!C24:DB24) -> 0 | C24: =IFERROR(AVERAGEIF('2 Import Main'!$C$3:$DB$3,"F",'2 Import Main'!C24:DB24),"") | D24: =IFERROR(AVERAGEIF('2 Import Main'!$C$3:$DB$3,"R",'2 Import Main'!C24:DB24),"") | E24: =IFERROR(MAX('2 Import Main'!C24:DB24),"") -> 0 | F24: =IFERROR(MIN('2 Import Main'!C24:DB24),"") -> 0 | G24: =IF(B24=0,"",IF(E24=F24,1,0)) | H24: =IF(OR(B24=0,C24="",D24=""),0,IF(OR(AND(C24>=4,D24>=4),AND(C24<=2,D24<=2)),1,0)) -> 0 | I24: =IF(B24=0,"",IF(OR(G24=1,H24=1),0,1))
A25: =IF(COUNT('2 Import Main'!C25:DB25)=0,"",25) | B25: =COUNT('2 Import Main'!C25:DB25) -> 0 | C25: =IFERROR(AVERAGEIF('2 Import Main'!$C$3:$DB$3,"F",'2 Import Main'!C25:DB25),"") | D25: =IFERROR(AVERAGEIF('2 Import Main'!$C$3:$DB$3,"R",'2 Import Main'!C25:DB25),"") | E25: =IFERROR(MAX('2 Import Main'!C25:DB25),"") -> 0 | F25: =IFERROR(MIN('2 Import Main'!C25:DB25),"") -> 0 | G25: =IF(B25=0,"",IF(E25=F25,1,0)) | H25: =IF(OR(B25=0,C25="",D25=""),0,IF(OR(AND(C25>=4,D25>=4),AND(C25<=2,D25<=2)),1,0)) -> 0 | I25: =IF(B25=0,"",IF(OR(G25=1,H25=1),0,1))
A26: =IF(COUNT('2 Import Main'!C26:DB26)=0,"",26) | B26: =COUNT('2 Import Main'!C26:DB26) -> 0 | C26: =IFERROR(AVERAGEIF('2 Import Main'!$C$3:$DB$3,"F",'2 Import Main'!C26:DB26),"") | D26: =IFERROR(AVERAGEIF('2 Import Main'!$C$3:$DB$3,"R",'2 Import Main'!C26:DB26),"") | E26: =IFERROR(MAX('2 Import Main'!C26:DB26),"") -> 0 | F26: =IFERROR(MIN('2 Import Main'!C26:DB26),"") -> 0 | G26: =IF(B26=0,"",IF(E26=F26,1,0)) | H26: =IF(OR(B26=0,C26="",D26=""),0,IF(OR(AND(C26>=4,D26>=4),AND(C26<=2,D26<=2)),1,0)) -> 0 | I26: =IF(B26=0,"",IF(OR(G26=1,H26=1),0,1))
A27: =IF(COUNT('2 Import Main'!C27:DB27)=0,"",27) | B27: =COUNT('2 Import Main'!C27:DB27) -> 0 | C27: =IFERROR(AVERAGEIF('2 Import Main'!$C$3:$DB$3,"F",'2 Import Main'!C27:DB27),"") | D27: =IFERROR(AVERAGEIF('2 Import Main'!$C$3:$DB$3,"R",'2 Import Main'!C27:DB27),"") | E27: =IFERROR(MAX('2 Import Main'!C27:DB27),"") -> 0 | F27: =IFERROR(MIN('2 Import Main'!C27:DB27),"") -> 0 | G27: =IF(B27=0,"",IF(E27=F27,1,0)) | H27: =IF(OR(B27=0,C27="",D27=""),0,IF(OR(AND(C27>=4,D27>=4),AND(C27<=2,D27<=2)),1,0)) -> 0 | I27: =IF(B27=0,"",IF(OR(G27=1,H27=1),0,1))
A28: =IF(COUNT('2 Import Main'!C28:DB28)=0,"",28) | B28: =COUNT('2 Import Main'!C28:DB28) -> 0 | C28: =IFERROR(AVERAGEIF('2 Import Main'!$C$3:$DB$3,"F",'2 Import Main'!C28:DB28),"") | D28: =IFERROR(AVERAGEIF('2 Import Main'!$C$3:$DB$3,"R",'2 Import Main'!C28:DB28),"") | E28: =IFERROR(MAX('2 Import Main'!C28:DB28),"") -> 0 | F28: =IFERROR(MIN('2 Import Main'!C28:DB28),"") -> 0 | G28: =IF(B28=0,"",IF(E28=F28,1,0)) | H28: =IF(OR(B28=0,C28="",D28=""),0,IF(OR(AND(C28>=4,D28>=4),AND(C28<=2,D28<=2)),1,0)) -> 0 | I28: =IF(B28=0,"",IF(OR(G28=1,H28=1),0,1))
A29: =IF(COUNT('2 Import Main'!C29:DB29)=0,"",29) | B29: =COUNT('2 Import Main'!C29:DB29) -> 0 | C29: =IFERROR(AVERAGEIF('2 Import Main'!$C$3:$DB$3,"F",'2 Import Main'!C29:DB29),"") | D29: =IFERROR(AVERAGEIF('2 Import Main'!$C$3:$DB$3,"R",'2 Import Main'!C29:DB29),"") | E29: =IFERROR(MAX('2 Import Main'!C29:DB29),"") -> 0 | F29: =IFERROR(MIN('2 Import Main'!C29:DB29),"") -> 0 | G29: =IF(B29=0,"",IF(E29=F29,1,0)) | H29: =IF(OR(B29=0,C29="",D29=""),0,IF(OR(AND(C29>=4,D29>=4),AND(C29<=2,D29<=2)),1,0)) -> 0 | I29: =IF(B29=0,"",IF(OR(G29=1,H29=1),0,1))
A30: =IF(COUNT('2 Import Main'!C30:DB30)=0,"",30) | B30: =COUNT('2 Import Main'!C30:DB30) -> 0 | C30: =IFERROR(AVERAGEIF('2 Import Main'!$C$3:$DB$3,"F",'2 Import Main'!C30:DB30),"") | D30: =IFERROR(AVERAGEIF('2 Import Main'!$C$3:$DB$3,"R",'2 Import Main'!C30:DB30),"") | E30: =IFERROR(MAX('2 Import Main'!C30:DB30),"") -> 0 | F30: =IFERROR(MIN('2 Import Main'!C30:DB30),"") -> 0 | G30: =IF(B30=0,"",IF(E30=F30,1,0)) | H30: =IF(OR(B30=0,C30="",D30=""),0,IF(OR(AND(C30>=4,D30>=4),AND(C30<=2,D30<=2)),1,0)) -> 0 | I30: =IF(B30=0,"",IF(OR(G30=1,H30=1),0,1))
A31: =IF(COUNT('2 Import Main'!C31:DB31)=0,"",31) | B31: =COUNT('2 Import Main'!C31:DB31) -> 0 | C31: =IFERROR(AVERAGEIF('2 Import Main'!$C$3:$DB$3,"F",'2 Import Main'!C31:DB31),"") | D31: =IFERROR(AVERAGEIF('2 Import Main'!$C$3:$DB$3,"R",'2 Import Main'!C31:DB31),"") | E31: =IFERROR(MAX('2 Import Main'!C31:DB31),"") -> 0 | F31: =IFERROR(MIN('2 Import Main'!C31:DB31),"") -> 0 | G31: =IF(B31=0,"",IF(E31=F31,1,0)) | H31: =IF(OR(B31=0,C31="",D31=""),0,IF(OR(AND(C31>=4,D31>=4),AND(C31<=2,D31<=2)),1,0)) -> 0 | I31: =IF(B31=0,"",IF(OR(G31=1,H31=1),0,1))
A32: =IF(COUNT('2 Import Main'!C32:DB32)=0,"",32) | B32: =COUNT('2 Import Main'!C32:DB32) -> 0 | C32: =IFERROR(AVERAGEIF('2 Import Main'!$C$3:$DB$3,"F",'2 Import Main'!C32:DB32),"") | D32: =IFERROR(AVERAGEIF('2 Import Main'!$C$3:$DB$3,"R",'2 Import Main'!C32:DB32),"") | E32: =IFERROR(MAX('2 Import Main'!C32:DB32),"") -> 0 | F32: =IFERROR(MIN('2 Import Main'!C32:DB32),"") -> 0 | G32: =IF(B32=0,"",IF(E32=F32,1,0)) | H32: =IF(OR(B32=0,C32="",D32=""),0,IF(OR(AND(C32>=4,D32>=4),AND(C32<=2,D32<=2)),1,0)) -> 0 | I32: =IF(B32=0,"",IF(OR(G32=1,H32=1),0,1))
A33: =IF(COUNT('2 Import Main'!C33:DB33)=0,"",33) | B33: =COUNT('2 Import Main'!C33:DB33) -> 0 | C33: =IFERROR(AVERAGEIF('2 Import Main'!$C$3:$DB$3,"F",'2 Import Main'!C33:DB33),"") | D33: =IFERROR(AVERAGEIF('2 Import Main'!$C$3:$DB$3,"R",'2 Import Main'!C33:DB33),"") | E33: =IFERROR(MAX('2 Import Main'!C33:DB33),"") -> 0 | F33: =IFERROR(MIN('2 Import Main'!C33:DB33),"") -> 0 | G33: =IF(B33=0,"",IF(E33=F33,1,0)) | H33: =IF(OR(B33=0,C33="",D33=""),0,IF(OR(AND(C33>=4,D33>=4),AND(C33<=2,D33<=2)),1,0)) -> 0 | I33: =IF(B33=0,"",IF(OR(G33=1,H33=1),0,1))
A34: =IF(COUNT('2 Import Main'!C34:DB34)=0,"",34) | B34: =COUNT('2 Import Main'!C34:DB34) -> 0 | C34: =IFERROR(AVERAGEIF('2 Import Main'!$C$3:$DB$3,"F",'2 Import Main'!C34:DB34),"") | D34: =IFERROR(AVERAGEIF('2 Import Main'!$C$3:$DB$3,"R",'2 Import Main'!C34:DB34),"") | E34: =IFERROR(MAX('2 Import Main'!C34:DB34),"") -> 0 | F34: =IFERROR(MIN('2 Import Main'!C34:DB34),"") -> 0 | G34: =IF(B34=0,"",IF(E34=F34,1,0)) | H34: =IF(OR(B34=0,C34="",D34=""),0,IF(OR(AND(C34>=4,D34>=4),AND(C34<=2,D34<=2)),1,0)) -> 0 | I34: =IF(B34=0,"",IF(OR(G34=1,H34=1),0,1))
A35: =IF(COUNT('2 Import Main'!C35:DB35)=0,"",35) | B35: =COUNT('2 Import Main'!C35:DB35) -> 0 | C35: =IFERROR(AVERAGEIF('2 Import Main'!$C$3:$DB$3,"F",'2 Import Main'!C35:DB35),"") | D35: =IFERROR(AVERAGEIF('2 Import Main'!$C$3:$DB$3,"R",'2 Import Main'!C35:DB35),"") | E35: =IFERROR(MAX('2 Import Main'!C35:DB35),"") -> 0 | F35: =IFERROR(MIN('2 Import Main'!C35:DB35),"") -> 0 | G35: =IF(B35=0,"",IF(E35=F35,1,0)) | H35: =IF(OR(B35=0,C35="",D35=""),0,IF(OR(AND(C35>=4,D35>=4),AND(C35<=2,D35<=2)),1,0)) -> 0 | I35: =IF(B35=0,"",IF(OR(G35=1,H35=1),0,1))
A36: =IF(COUNT('2 Import Main'!C36:DB36)=0,"",36) | B36: =COUNT('2 Import Main'!C36:DB36) -> 0 | C36: =IFERROR(AVERAGEIF('2 Import Main'!$C$3:$DB$3,"F",'2 Import Main'!C36:DB36),"") | D36: =IFERROR(AVERAGEIF('2 Import Main'!$C$3:$DB$3,"R",'2 Import Main'!C36:DB36),"") | E36: =IFERROR(MAX('2 Import Main'!C36:DB36),"") -> 0 | F36: =IFERROR(MIN('2 Import Main'!C36:DB36),"") -> 0 | G36: =IF(B36=0,"",IF(E36=F36,1,0)) | H36: =IF(OR(B36=0,C36="",D36=""),0,IF(OR(AND(C36>=4,D36>=4),AND(C36<=2,D36<=2)),1,0)) -> 0 | I36: =IF(B36=0,"",IF(OR(G36=1,H36=1),0,1))
A37: =IF(COUNT('2 Import Main'!C37:DB37)=0,"",37) | B37: =COUNT('2 Import Main'!C37:DB37) -> 0 | C37: =IFERROR(AVERAGEIF('2 Import Main'!$C$3:$DB$3,"F",'2 Import Main'!C37:DB37),"") | D37: =IFERROR(AVERAGEIF('2 Import Main'!$C$3:$DB$3,"R",'2 Import Main'!C37:DB37),"") | E37: =IFERROR(MAX('2 Import Main'!C37:DB37),"") -> 0 | F37: =IFERROR(MIN('2 Import Main'!C37:DB37),"") -> 0 | G37: =IF(B37=0,"",IF(E37=F37,1,0)) | H37: =IF(OR(B37=0,C37="",D37=""),0,IF(OR(AND(C37>=4,D37>=4),AND(C37<=2,D37<=2)),1,0)) -> 0 | I37: =IF(B37=0,"",IF(OR(G37=1,H37=1),0,1))
A38: =IF(COUNT('2 Import Main'!C38:DB38)=0,"",38) | B38: =COUNT('2 Import Main'!C38:DB38) -> 0 | C38: =IFERROR(AVERAGEIF('2 Import Main'!$C$3:$DB$3,"F",'2 Import Main'!C38:DB38),"") | D38: =IFERROR(AVERAGEIF('2 Import Main'!$C$3:$DB$3,"R",'2 Import Main'!C38:DB38),"") | E38: =IFERROR(MAX('2 Import Main'!C38:DB38),"") -> 0 | F38: =IFERROR(MIN('2 Import Main'!C38:DB38),"") -> 0 | G38: =IF(B38=0,"",IF(E38=F38,1,0)) | H38: =IF(OR(B38=0,C38="",D38=""),0,IF(OR(AND(C38>=4,D38>=4),AND(C38<=2,D38<=2)),1,0)) -> 0 | I38: =IF(B38=0,"",IF(OR(G38=1,H38=1),0,1))
A39: =IF(COUNT('2 Import Main'!C39:DB39)=0,"",39) | B39: =COUNT('2 Import Main'!C39:DB39) -> 0 | C39: =IFERROR(AVERAGEIF('2 Import Main'!$C$3:$DB$3,"F",'2 Import Main'!C39:DB39),"") | D39: =IFERROR(AVERAGEIF('2 Import Main'!$C$3:$DB$3,"R",'2 Import Main'!C39:DB39),"") | E39: =IFERROR(MAX('2 Import Main'!C39:DB39),"") -> 0 | F39: =IFERROR(MIN('2 Import Main'!C39:DB39),"") -> 0 | G39: =IF(B39=0,"",IF(E39=F39,1,0)) | H39: =IF(OR(B39=0,C39="",D39=""),0,IF(OR(AND(C39>=4,D39>=4),AND(C39<=2,D39<=2)),1,0)) -> 0 | I39: =IF(B39=0,"",IF(OR(G39=1,H39=1),0,1))
A40: =IF(COUNT('2 Import Main'!C40:DB40)=0,"",40) | B40: =COUNT('2 Import Main'!C40:DB40) -> 0 | C40: =IFERROR(AVERAGEIF('2 Import Main'!$C$3:$DB$3,"F",'2 Import Main'!C40:DB40),"") | D40: =IFERROR(AVERAGEIF('2 Import Main'!$C$3:$DB$3,"R",'2 Import Main'!C40:DB40),"") | E40: =IFERROR(MAX('2 Import Main'!C40:DB40),"") -> 0 | F40: =IFERROR(MIN('2 Import Main'!C40:DB40),"") -> 0 | G40: =IF(B40=0,"",IF(E40=F40,1,0)) | H40: =IF(OR(B40=0,C40="",D40=""),0,IF(OR(AND(C40>=4,D40>=4),AND(C40<=2,D40<=2)),1,0)) -> 0 | I40: =IF(B40=0,"",IF(OR(G40=1,H40=1),0,1))
A41: =IF(COUNT('2 Import Main'!C41:DB41)=0,"",41) | B41: =COUNT('2 Import Main'!C41:DB41) -> 0 | C41: =IFERROR(AVERAGEIF('2 Import Main'!$C$3:$DB$3,"F",'2 Import Main'!C41:DB41),"") | D41: =IFERROR(AVERAGEIF('2 Import Main'!$C$3:$DB$3,"R",'2 Import Main'!C41:DB41),"") | E41: =IFERROR(MAX('2 Import Main'!C41:DB41),"") -> 0 | F41: =IFERROR(MIN('2 Import Main'!C41:DB41),"") -> 0 | G41: =IF(B41=0,"",IF(E41=F41,1,0)) | H41: =IF(OR(B41=0,C41="",D41=""),0,IF(OR(AND(C41>=4,D41>=4),AND(C41<=2,D41<=2)),1,0)) -> 0 | I41: =IF(B41=0,"",IF(OR(G41=1,H41=1),0,1))
A42: =IF(COUNT('2 Import Main'!C42:DB42)=0,"",42) | B42: =COUNT('2 Import Main'!C42:DB42) -> 0 | C42: =IFERROR(AVERAGEIF('2 Import Main'!$C$3:$DB$3,"F",'2 Import Main'!C42:DB42),"") | D42: =IFERROR(AVERAGEIF('2 Import Main'!$C$3:$DB$3,"R",'2 Import Main'!C42:DB42),"") | E42: =IFERROR(MAX('2 Import Main'!C42:DB42),"") -> 0 | F42: =IFERROR(MIN('2 Import Main'!C42:DB42),"") -> 0 | G42: =IF(B42=0,"",IF(E42=F42,1,0)) | H42: =IF(OR(B42=0,C42="",D42=""),0,IF(OR(AND(C42>=4,D42>=4),AND(C42<=2,D42<=2)),1,0)) -> 0 | I42: =IF(B42=0,"",IF(OR(G42=1,H42=1),0,1))
A43: =IF(COUNT('2 Import Main'!C43:DB43)=0,"",43) | B43: =COUNT('2 Import Main'!C43:DB43) -> 0 | C43: =IFERROR(AVERAGEIF('2 Import Main'!$C$3:$DB$3,"F",'2 Import Main'!C43:DB43),"") | D43: =IFERROR(AVERAGEIF('2 Import Main'!$C$3:$DB$3,"R",'2 Import Main'!C43:DB43),"") | E43: =IFERROR(MAX('2 Import Main'!C43:DB43),"") -> 0 | F43: =IFERROR(MIN('2 Import Main'!C43:DB43),"") -> 0 | G43: =IF(B43=0,"",IF(E43=F43,1,0)) | H43: =IF(OR(B43=0,C43="",D43=""),0,IF(OR(AND(C43>=4,D43>=4),AND(C43<=2,D43<=2)),1,0)) -> 0 | I43: =IF(B43=0,"",IF(OR(G43=1,H43=1),0,1))
A44: =IF(COUNT('2 Import Main'!C44:DB44)=0,"",44) | B44: =COUNT('2 Import Main'!C44:DB44) -> 0 | C44: =IFERROR(AVERAGEIF('2 Import Main'!$C$3:$DB$3,"F",'2 Import Main'!C44:DB44),"") | D44: =IFERROR(AVERAGEIF('2 Import Main'!$C$3:$DB$3,"R",'2 Import Main'!C44:DB44),"") | E44: =IFERROR(MAX('2 Import Main'!C44:DB44),"") -> 0 | F44: =IFERROR(MIN('2 Import Main'!C44:DB44),"") -> 0 | G44: =IF(B44=0,"",IF(E44=F44,1,0)) | H44: =IF(OR(B44=0,C44="",D44=""),0,IF(OR(AND(C44>=4,D44>=4),AND(C44<=2,D44<=2)),1,0)) -> 0 | I44: =IF(B44=0,"",IF(OR(G44=1,H44=1),0,1))
A45: =IF(COUNT('2 Import Main'!C45:DB45)=0,"",45) | B45: =COUNT('2 Import Main'!C45:DB45) -> 0 | C45: =IFERROR(AVERAGEIF('2 Import Main'!$C$3:$DB$3,"F",'2 Import Main'!C45:DB45),"") | D45: =IFERROR(AVERAGEIF('2 Import Main'!$C$3:$DB$3,"R",'2 Import Main'!C45:DB45),"") | E45: =IFERROR(MAX('2 Import Main'!C45:DB45),"") -> 0 | F45: =IFERROR(MIN('2 Import Main'!C45:DB45),"") -> 0 | G45: =IF(B45=0,"",IF(E45=F45,1,0)) | H45: =IF(OR(B45=0,C45="",D45=""),0,IF(OR(AND(C45>=4,D45>=4),AND(C45<=2,D45<=2)),1,0)) -> 0 | I45: =IF(B45=0,"",IF(OR(G45=1,H45=1),0,1))
A46: =IF(COUNT('2 Import Main'!C46:DB46)=0,"",46) | B46: =COUNT('2 Import Main'!C46:DB46) -> 0 | C46: =IFERROR(AVERAGEIF('2 Import Main'!$C$3:$DB$3,"F",'2 Import Main'!C46:DB46),"") | D46: =IFERROR(AVERAGEIF('2 Import Main'!$C$3:$DB$3,"R",'2 Import Main'!C46:DB46),"") | E46: =IFERROR(MAX('2 Import Main'!C46:DB46),"") -> 0 | F46: =IFERROR(MIN('2 Import Main'!C46:DB46),"") -> 0 | G46: =IF(B46=0,"",IF(E46=F46,1,0)) | H46: =IF(OR(B46=0,C46="",D46=""),0,IF(OR(AND(C46>=4,D46>=4),AND(C46<=2,D46<=2)),1,0)) -> 0 | I46: =IF(B46=0,"",IF(OR(G46=1,H46=1),0,1))
A47: =IF(COUNT('2 Import Main'!C47:DB47)=0,"",47) | B47: =COUNT('2 Import Main'!C47:DB47) -> 0 | C47: =IFERROR(AVERAGEIF('2 Import Main'!$C$3:$DB$3,"F",'2 Import Main'!C47:DB47),"") | D47: =IFERROR(AVERAGEIF('2 Import Main'!$C$3:$DB$3,"R",'2 Import Main'!C47:DB47),"") | E47: =IFERROR(MAX('2 Import Main'!C47:DB47),"") -> 0 | F47: =IFERROR(MIN('2 Import Main'!C47:DB47),"") -> 0 | G47: =IF(B47=0,"",IF(E47=F47,1,0)) | H47: =IF(OR(B47=0,C47="",D47=""),0,IF(OR(AND(C47>=4,D47>=4),AND(C47<=2,D47<=2)),1,0)) -> 0 | I47: =IF(B47=0,"",IF(OR(G47=1,H47=1),0,1))
A48: =IF(COUNT('2 Import Main'!C48:DB48)=0,"",48) | B48: =COUNT('2 Import Main'!C48:DB48) -> 0 | C48: =IFERROR(AVERAGEIF('2 Import Main'!$C$3:$DB$3,"F",'2 Import Main'!C48:DB48),"") | D48: =IFERROR(AVERAGEIF('2 Import Main'!$C$3:$DB$3,"R",'2 Import Main'!C48:DB48),"") | E48: =IFERROR(MAX('2 Import Main'!C48:DB48),"") -> 0 | F48: =IFERROR(MIN('2 Import Main'!C48:DB48),"") -> 0 | G48: =IF(B48=0,"",IF(E48=F48,1,0)) | H48: =IF(OR(B48=0,C48="",D48=""),0,IF(OR(AND(C48>=4,D48>=4),AND(C48<=2,D48<=2)),1,0)) -> 0 | I48: =IF(B48=0,"",IF(OR(G48=1,H48=1),0,1))
A49: =IF(COUNT('2 Import Main'!C49:DB49)=0,"",49) | B49: =COUNT('2 Import Main'!C49:DB49) -> 0 | C49: =IFERROR(AVERAGEIF('2 Import Main'!$C$3:$DB$3,"F",'2 Import Main'!C49:DB49),"") | D49: =IFERROR(AVERAGEIF('2 Import Main'!$C$3:$DB$3,"R",'2 Import Main'!C49:DB49),"") | E49: =IFERROR(MAX('2 Import Main'!C49:DB49),"") -> 0 | F49: =IFERROR(MIN('2 Import Main'!C49:DB49),"") -> 0 | G49: =IF(B49=0,"",IF(E49=F49,1,0)) | H49: =IF(OR(B49=0,C49="",D49=""),0,IF(OR(AND(C49>=4,D49>=4),AND(C49<=2,D49<=2)),1,0)) -> 0 | I49: =IF(B49=0,"",IF(OR(G49=1,H49=1),0,1))
A50: =IF(COUNT('2 Import Main'!C50:DB50)=0,"",50) | B50: =COUNT('2 Import Main'!C50:DB50) -> 0 | C50: =IFERROR(AVERAGEIF('2 Import Main'!$C$3:$DB$3,"F",'2 Import Main'!C50:DB50),"") | D50: =IFERROR(AVERAGEIF('2 Import Main'!$C$3:$DB$3,"R",'2 Import Main'!C50:DB50),"") | E50: =IFERROR(MAX('2 Import Main'!C50:DB50),"") -> 0 | F50: =IFERROR(MIN('2 Import Main'!C50:DB50),"") -> 0 | G50: =IF(B50=0,"",IF(E50=F50,1,0)) | H50: =IF(OR(B50=0,C50="",D50=""),0,IF(OR(AND(C50>=4,D50>=4),AND(C50<=2,D50<=2)),1,0)) -> 0 | I50: =IF(B50=0,"",IF(OR(G50=1,H50=1),0,1))
A51: =IF(COUNT('2 Import Main'!C51:DB51)=0,"",51) | B51: =COUNT('2 Import Main'!C51:DB51) -> 0 | C51: =IFERROR(AVERAGEIF('2 Import Main'!$C$3:$DB$3,"F",'2 Import Main'!C51:DB51),"") | D51: =IFERROR(AVERAGEIF('2 Import Main'!$C$3:$DB$3,"R",'2 Import Main'!C51:DB51),"") | E51: =IFERROR(MAX('2 Import Main'!C51:DB51),"") -> 0 | F51: =IFERROR(MIN('2 Import Main'!C51:DB51),"") -> 0 | G51: =IF(B51=0,"",IF(E51=F51,1,0)) | H51: =IF(OR(B51=0,C51="",D51=""),0,IF(OR(AND(C51>=4,D51>=4),AND(C51<=2,D51<=2)),1,0)) -> 0 | I51: =IF(B51=0,"",IF(OR(G51=1,H51=1),0,1))
A52: =IF(COUNT('2 Import Main'!C52:DB52)=0,"",52) | B52: =COUNT('2 Import Main'!C52:DB52) -> 0 | C52: =IFERROR(AVERAGEIF('2 Import Main'!$C$3:$DB$3,"F",'2 Import Main'!C52:DB52),"") | D52: =IFERROR(AVERAGEIF('2 Import Main'!$C$3:$DB$3,"R",'2 Import Main'!C52:DB52),"") | E52: =IFERROR(MAX('2 Import Main'!C52:DB52),"") -> 0 | F52: =IFERROR(MIN('2 Import Main'!C52:DB52),"") -> 0 | G52: =IF(B52=0,"",IF(E52=F52,1,0)) | H52: =IF(OR(B52=0,C52="",D52=""),0,IF(OR(AND(C52>=4,D52>=4),AND(C52<=2,D52<=2)),1,0)) -> 0 | I52: =IF(B52=0,"",IF(OR(G52=1,H52=1),0,1))
A53: =IF(COUNT('2 Import Main'!C53:DB53)=0,"",53) | B53: =COUNT('2 Import Main'!C53:DB53) -> 0 | C53: =IFERROR(AVERAGEIF('2 Import Main'!$C$3:$DB$3,"F",'2 Import Main'!C53:DB53),"") | D53: =IFERROR(AVERAGEIF('2 Import Main'!$C$3:$DB$3,"R",'2 Import Main'!C53:DB53),"") | E53: =IFERROR(MAX('2 Import Main'!C53:DB53),"") -> 0 | F53: =IFERROR(MIN('2 Import Main'!C53:DB53),"") -> 0 | G53: =IF(B53=0,"",IF(E53=F53,1,0)) | H53: =IF(OR(B53=0,C53="",D53=""),0,IF(OR(AND(C53>=4,D53>=4),AND(C53<=2,D53<=2)),1,0)) -> 0 | I53: =IF(B53=0,"",IF(OR(G53=1,H53=1),0,1))
A54: =IF(COUNT('2 Import Main'!C54:DB54)=0,"",54) | B54: =COUNT('2 Import Main'!C54:DB54) -> 0 | C54: =IFERROR(AVERAGEIF('2 Import Main'!$C$3:$DB$3,"F",'2 Import Main'!C54:DB54),"") | D54: =IFERROR(AVERAGEIF('2 Import Main'!$C$3:$DB$3,"R",'2 Import Main'!C54:DB54),"") | E54: =IFERROR(MAX('2 Import Main'!C54:DB54),"") -> 0 | F54: =IFERROR(MIN('2 Import Main'!C54:DB54),"") -> 0 | G54: =IF(B54=0,"",IF(E54=F54,1,0)) | H54: =IF(OR(B54=0,C54="",D54=""),0,IF(OR(AND(C54>=4,D54>=4),AND(C54<=2,D54<=2)),1,0)) -> 0 | I54: =IF(B54=0,"",IF(OR(G54=1,H54=1),0,1))
A55: =IF(COUNT('2 Import Main'!C55:DB55)=0,"",55) | B55: =COUNT('2 Import Main'!C55:DB55) -> 0 | C55: =IFERROR(AVERAGEIF('2 Import Main'!$C$3:$DB$3,"F",'2 Import Main'!C55:DB55),"") | D55: =IFERROR(AVERAGEIF('2 Import Main'!$C$3:$DB$3,"R",'2 Import Main'!C55:DB55),"") | E55: =IFERROR(MAX('2 Import Main'!C55:DB55),"") -> 0 | F55: =IFERROR(MIN('2 Import Main'!C55:DB55),"") -> 0 | G55: =IF(B55=0,"",IF(E55=F55,1,0)) | H55: =IF(OR(B55=0,C55="",D55=""),0,IF(OR(AND(C55>=4,D55>=4),AND(C55<=2,D55<=2)),1,0)) -> 0 | I55: =IF(B55=0,"",IF(OR(G55=1,H55=1),0,1))
A56: =IF(COUNT('2 Import Main'!C56:DB56)=0,"",56) | B56: =COUNT('2 Import Main'!C56:DB56) -> 0 | C56: =IFERROR(AVERAGEIF('2 Import Main'!$C$3:$DB$3,"F",'2 Import Main'!C56:DB56),"") | D56: =IFERROR(AVERAGEIF('2 Import Main'!$C$3:$DB$3,"R",'2 Import Main'!C56:DB56),"") | E56: =IFERROR(MAX('2 Import Main'!C56:DB56),"") -> 0 | F56: =IFERROR(MIN('2 Import Main'!C56:DB56),"") -> 0 | G56: =IF(B56=0,"",IF(E56=F56,1,0)) | H56: =IF(OR(B56=0,C56="",D56=""),0,IF(OR(AND(C56>=4,D56>=4),AND(C56<=2,D56<=2)),1,0)) -> 0 | I56: =IF(B56=0,"",IF(OR(G56=1,H56=1),0,1))
A57: =IF(COUNT('2 Import Main'!C57:DB57)=0,"",57) | B57: =COUNT('2 Import Main'!C57:DB57) -> 0 | C57: =IFERROR(AVERAGEIF('2 Import Main'!$C$3:$DB$3,"F",'2 Import Main'!C57:DB57),"") | D57: =IFERROR(AVERAGEIF('2 Import Main'!$C$3:$DB$3,"R",'2 Import Main'!C57:DB57),"") | E57: =IFERROR(MAX('2 Import Main'!C57:DB57),"") -> 0 | F57: =IFERROR(MIN('2 Import Main'!C57:DB57),"") -> 0 | G57: =IF(B57=0,"",IF(E57=F57,1,0)) | H57: =IF(OR(B57=0,C57="",D57=""),0,IF(OR(AND(C57>=4,D57>=4),AND(C57<=2,D57<=2)),1,0)) -> 0 | I57: =IF(B57=0,"",IF(OR(G57=1,H57=1),0,1))
A58: =IF(COUNT('2 Import Main'!C58:DB58)=0,"",58) | B58: =COUNT('2 Import Main'!C58:DB58) -> 0 | C58: =IFERROR(AVERAGEIF('2 Import Main'!$C$3:$DB$3,"F",'2 Import Main'!C58:DB58),"") | D58: =IFERROR(AVERAGEIF('2 Import Main'!$C$3:$DB$3,"R",'2 Import Main'!C58:DB58),"") | E58: =IFERROR(MAX('2 Import Main'!C58:DB58),"") -> 0 | F58: =IFERROR(MIN('2 Import Main'!C58:DB58),"") -> 0 | G58: =IF(B58=0,"",IF(E58=F58,1,0)) | H58: =IF(OR(B58=0,C58="",D58=""),0,IF(OR(AND(C58>=4,D58>=4),AND(C58<=2,D58<=2)),1,0)) -> 0 | I58: =IF(B58=0,"",IF(OR(G58=1,H58=1),0,1))
A59: =IF(COUNT('2 Import Main'!C59:DB59)=0,"",59) | B59: =COUNT('2 Import Main'!C59:DB59) -> 0 | C59: =IFERROR(AVERAGEIF('2 Import Main'!$C$3:$DB$3,"F",'2 Import Main'!C59:DB59),"") | D59: =IFERROR(AVERAGEIF('2 Import Main'!$C$3:$DB$3,"R",'2 Import Main'!C59:DB59),"") | E59: =IFERROR(MAX('2 Import Main'!C59:DB59),"") -> 0 | F59: =IFERROR(MIN('2 Import Main'!C59:DB59),"") -> 0 | G59: =IF(B59=0,"",IF(E59=F59,1,0)) | H59: =IF(OR(B59=0,C59="",D59=""),0,IF(OR(AND(C59>=4,D59>=4),AND(C59<=2,D59<=2)),1,0)) -> 0 | I59: =IF(B59=0,"",IF(OR(G59=1,H59=1),0,1))
A60: =IF(COUNT('2 Import Main'!C60:DB60)=0,"",60) | B60: =COUNT('2 Import Main'!C60:DB60) -> 0 | C60: =IFERROR(AVERAGEIF('2 Import Main'!$C$3:$DB$3,"F",'2 Import Main'!C60:DB60),"") | D60: =IFERROR(AVERAGEIF('2 Import Main'!$C$3:$DB$3,"R",'2 Import Main'!C60:DB60),"") | E60: =IFERROR(MAX('2 Import Main'!C60:DB60),"") -> 0 | F60: =IFERROR(MIN('2 Import Main'!C60:DB60),"") -> 0 | G60: =IF(B60=0,"",IF(E60=F60,1,0)) | H60: =IF(OR(B60=0,C60="",D60=""),0,IF(OR(AND(C60>=4,D60>=4),AND(C60<=2,D60<=2)),1,0)) -> 0 | I60: =IF(B60=0,"",IF(OR(G60=1,H60=1),0,1))
A61: =IF(COUNT('2 Import Main'!C61:DB61)=0,"",61) | B61: =COUNT('2 Import Main'!C61:DB61) -> 0 | C61: =IFERROR(AVERAGEIF('2 Import Main'!$C$3:$DB$3,"F",'2 Import Main'!C61:DB61),"") | D61: =IFERROR(AVERAGEIF('2 Import Main'!$C$3:$DB$3,"R",'2 Import Main'!C61:DB61),"") | E61: =IFERROR(MAX('2 Import Main'!C61:DB61),"") -> 0 | F61: =IFERROR(MIN('2 Import Main'!C61:DB61),"") -> 0 | G61: =IF(B61=0,"",IF(E61=F61,1,0)) | H61: =IF(OR(B61=0,C61="",D61=""),0,IF(OR(AND(C61>=4,D61>=4),AND(C61<=2,D61<=2)),1,0)) -> 0 | I61: =IF(B61=0,"",IF(OR(G61=1,H61=1),0,1))
A62: =IF(COUNT('2 Import Main'!C62:DB62)=0,"",62) | B62: =COUNT('2 Import Main'!C62:DB62) -> 0 | C62: =IFERROR(AVERAGEIF('2 Import Main'!$C$3:$DB$3,"F",'2 Import Main'!C62:DB62),"") | D62: =IFERROR(AVERAGEIF('2 Import Main'!$C$3:$DB$3,"R",'2 Import Main'!C62:DB62),"") | E62: =IFERROR(MAX('2 Import Main'!C62:DB62),"") -> 0 | F62: =IFERROR(MIN('2 Import Main'!C62:DB62),"") -> 0 | G62: =IF(B62=0,"",IF(E62=F62,1,0)) | H62: =IF(OR(B62=0,C62="",D62=""),0,IF(OR(AND(C62>=4,D62>=4),AND(C62<=2,D62<=2)),1,0)) -> 0 | I62: =IF(B62=0,"",IF(OR(G62=1,H62=1),0,1))
A63: =IF(COUNT('2 Import Main'!C63:DB63)=0,"",63) | B63: =COUNT('2 Import Main'!C63:DB63) -> 0 | C63: =IFERROR(AVERAGEIF('2 Import Main'!$C$3:$DB$3,"F",'2 Import Main'!C63:DB63),"") | D63: =IFERROR(AVERAGEIF('2 Import Main'!$C$3:$DB$3,"R",'2 Import Main'!C63:DB63),"") | E63: =IFERROR(MAX('2 Import Main'!C63:DB63),"") -> 0 | F63: =IFERROR(MIN('2 Import Main'!C63:DB63),"") -> 0 | G63: =IF(B63=0,"",IF(E63=F63,1,0)) | H63: =IF(OR(B63=0,C63="",D63=""),0,IF(OR(AND(C63>=4,D63>=4),AND(C63<=2,D63<=2)),1,0)) -> 0 | I63: =IF(B63=0,"",IF(OR(G63=1,H63=1),0,1))
A64: =IF(COUNT('2 Import Main'!C64:DB64)=0,"",64) | B64: =COUNT('2 Import Main'!C64:DB64) -> 0 | C64: =IFERROR(AVERAGEIF('2 Import Main'!$C$3:$DB$3,"F",'2 Import Main'!C64:DB64),"") | D64: =IFERROR(AVERAGEIF('2 Import Main'!$C$3:$DB$3,"R",'2 Import Main'!C64:DB64),"") | E64: =IFERROR(MAX('2 Import Main'!C64:DB64),"") -> 0 | F64: =IFERROR(MIN('2 Import Main'!C64:DB64),"") -> 0 | G64: =IF(B64=0,"",IF(E64=F64,1,0)) | H64: =IF(OR(B64=0,C64="",D64=""),0,IF(OR(AND(C64>=4,D64>=4),AND(C64<=2,D64<=2)),1,0)) -> 0 | I64: =IF(B64=0,"",IF(OR(G64=1,H64=1),0,1))
A65: =IF(COUNT('2 Import Main'!C65:DB65)=0,"",65) | B65: =COUNT('2 Import Main'!C65:DB65) -> 0 | C65: =IFERROR(AVERAGEIF('2 Import Main'!$C$3:$DB$3,"F",'2 Import Main'!C65:DB65),"") | D65: =IFERROR(AVERAGEIF('2 Import Main'!$C$3:$DB$3,"R",'2 Import Main'!C65:DB65),"") | E65: =IFERROR(MAX('2 Import Main'!C65:DB65),"") -> 0 | F65: =IFERROR(MIN('2 Import Main'!C65:DB65),"") -> 0 | G65: =IF(B65=0,"",IF(E65=F65,1,0)) | H65: =IF(OR(B65=0,C65="",D65=""),0,IF(OR(AND(C65>=4,D65>=4),AND(C65<=2,D65<=2)),1,0)) -> 0 | I65: =IF(B65=0,"",IF(OR(G65=1,H65=1),0,1))
A66: =IF(COUNT('2 Import Main'!C66:DB66)=0,"",66) | B66: =COUNT('2 Import Main'!C66:DB66) -> 0 | C66: =IFERROR(AVERAGEIF('2 Import Main'!$C$3:$DB$3,"F",'2 Import Main'!C66:DB66),"") | D66: =IFERROR(AVERAGEIF('2 Import Main'!$C$3:$DB$3,"R",'2 Import Main'!C66:DB66),"") | E66: =IFERROR(MAX('2 Import Main'!C66:DB66),"") -> 0 | F66: =IFERROR(MIN('2 Import Main'!C66:DB66),"") -> 0 | G66: =IF(B66=0,"",IF(E66=F66,1,0)) | H66: =IF(OR(B66=0,C66="",D66=""),0,IF(OR(AND(C66>=4,D66>=4),AND(C66<=2,D66<=2)),1,0)) -> 0 | I66: =IF(B66=0,"",IF(OR(G66=1,H66=1),0,1))
A67: =IF(COUNT('2 Import Main'!C67:DB67)=0,"",67) | B67: =COUNT('2 Import Main'!C67:DB67) -> 0 | C67: =IFERROR(AVERAGEIF('2 Import Main'!$C$3:$DB$3,"F",'2 Import Main'!C67:DB67),"") | D67: =IFERROR(AVERAGEIF('2 Import Main'!$C$3:$DB$3,"R",'2 Import Main'!C67:DB67),"") | E67: =IFERROR(MAX('2 Import Main'!C67:DB67),"") -> 0 | F67: =IFERROR(MIN('2 Import Main'!C67:DB67),"") -> 0 | G67: =IF(B67=0,"",IF(E67=F67,1,0)) | H67: =IF(OR(B67=0,C67="",D67=""),0,IF(OR(AND(C67>=4,D67>=4),AND(C67<=2,D67<=2)),1,0)) -> 0 | I67: =IF(B67=0,"",IF(OR(G67=1,H67=1),0,1))
A68: =IF(COUNT('2 Import Main'!C68:DB68)=0,"",68) | B68: =COUNT('2 Import Main'!C68:DB68) -> 0 | C68: =IFERROR(AVERAGEIF('2 Import Main'!$C$3:$DB$3,"F",'2 Import Main'!C68:DB68),"") | D68: =IFERROR(AVERAGEIF('2 Import Main'!$C$3:$DB$3,"R",'2 Import Main'!C68:DB68),"") | E68: =IFERROR(MAX('2 Import Main'!C68:DB68),"") -> 0 | F68: =IFERROR(MIN('2 Import Main'!C68:DB68),"") -> 0 | G68: =IF(B68=0,"",IF(E68=F68,1,0)) | H68: =IF(OR(B68=0,C68="",D68=""),0,IF(OR(AND(C68>=4,D68>=4),AND(C68<=2,D68<=2)),1,0)) -> 0 | I68: =IF(B68=0,"",IF(OR(G68=1,H68=1),0,1))
A69: =IF(COUNT('2 Import Main'!C69:DB69)=0,"",69) | B69: =COUNT('2 Import Main'!C69:DB69) -> 0 | C69: =IFERROR(AVERAGEIF('2 Import Main'!$C$3:$DB$3,"F",'2 Import Main'!C69:DB69),"") | D69: =IFERROR(AVERAGEIF('2 Import Main'!$C$3:$DB$3,"R",'2 Import Main'!C69:DB69),"") | E69: =IFERROR(MAX('2 Import Main'!C69:DB69),"") -> 0 | F69: =IFERROR(MIN('2 Import Main'!C69:DB69),"") -> 0 | G69: =IF(B69=0,"",IF(E69=F69,1,0)) | H69: =IF(OR(B69=0,C69="",D69=""),0,IF(OR(AND(C69>=4,D69>=4),AND(C69<=2,D69<=2)),1,0)) -> 0 | I69: =IF(B69=0,"",IF(OR(G69=1,H69=1),0,1))
A70: =IF(COUNT('2 Import Main'!C70:DB70)=0,"",70) | B70: =COUNT('2 Import Main'!C70:DB70) -> 0 | C70: =IFERROR(AVERAGEIF('2 Import Main'!$C$3:$DB$3,"F",'2 Import Main'!C70:DB70),"") | D70: =IFERROR(AVERAGEIF('2 Import Main'!$C$3:$DB$3,"R",'2 Import Main'!C70:DB70),"") | E70: =IFERROR(MAX('2 Import Main'!C70:DB70),"") -> 0 | F70: =IFERROR(MIN('2 Import Main'!C70:DB70),"") -> 0 | G70: =IF(B70=0,"",IF(E70=F70,1,0)) | H70: =IF(OR(B70=0,C70="",D70=""),0,IF(OR(AND(C70>=4,D70>=4),AND(C70<=2,D70<=2)),1,0)) -> 0 | I70: =IF(B70=0,"",IF(OR(G70=1,H70=1),0,1))
A71: =IF(COUNT('2 Import Main'!C71:DB71)=0,"",71) | B71: =COUNT('2 Import Main'!C71:DB71) -> 0 | C71: =IFERROR(AVERAGEIF('2 Import Main'!$C$3:$DB$3,"F",'2 Import Main'!C71:DB71),"") | D71: =IFERROR(AVERAGEIF('2 Import Main'!$C$3:$DB$3,"R",'2 Import Main'!C71:DB71),"") | E71: =IFERROR(MAX('2 Import Main'!C71:DB71),"") -> 0 | F71: =IFERROR(MIN('2 Import Main'!C71:DB71),"") -> 0 | G71: =IF(B71=0,"",IF(E71=F71,1,0)) | H71: =IF(OR(B71=0,C71="",D71=""),0,IF(OR(AND(C71>=4,D71>=4),AND(C71<=2,D71<=2)),1,0)) -> 0 | I71: =IF(B71=0,"",IF(OR(G71=1,H71=1),0,1))
A72: =IF(COUNT('2 Import Main'!C72:DB72)=0,"",72) | B72: =COUNT('2 Import Main'!C72:DB72) -> 0 | C72: =IFERROR(AVERAGEIF('2 Import Main'!$C$3:$DB$3,"F",'2 Import Main'!C72:DB72),"") | D72: =IFERROR(AVERAGEIF('2 Import Main'!$C$3:$DB$3,"R",'2 Import Main'!C72:DB72),"") | E72: =IFERROR(MAX('2 Import Main'!C72:DB72),"") -> 0 | F72: =IFERROR(MIN('2 Import Main'!C72:DB72),"") -> 0 | G72: =IF(B72=0,"",IF(E72=F72,1,0)) | H72: =IF(OR(B72=0,C72="",D72=""),0,IF(OR(AND(C72>=4,D72>=4),AND(C72<=2,D72<=2)),1,0)) -> 0 | I72: =IF(B72=0,"",IF(OR(G72=1,H72=1),0,1))
A73: =IF(COUNT('2 Import Main'!C73:DB73)=0,"",73) | B73: =COUNT('2 Import Main'!C73:DB73) -> 0 | C73: =IFERROR(AVERAGEIF('2 Import Main'!$C$3:$DB$3,"F",'2 Import Main'!C73:DB73),"") | D73: =IFERROR(AVERAGEIF('2 Import Main'!$C$3:$DB$3,"R",'2 Import Main'!C73:DB73),"") | E73: =IFERROR(MAX('2 Import Main'!C73:DB73),"") -> 0 | F73: =IFERROR(MIN('2 Import Main'!C73:DB73),"") -> 0 | G73: =IF(B73=0,"",IF(E73=F73,1,0)) | H73: =IF(OR(B73=0,C73="",D73=""),0,IF(OR(AND(C73>=4,D73>=4),AND(C73<=2,D73<=2)),1,0)) -> 0 | I73: =IF(B73=0,"",IF(OR(G73=1,H73=1),0,1))
A74: =IF(COUNT('2 Import Main'!C74:DB74)=0,"",74) | B74: =COUNT('2 Import Main'!C74:DB74) -> 0 | C74: =IFERROR(AVERAGEIF('2 Import Main'!$C$3:$DB$3,"F",'2 Import Main'!C74:DB74),"") | D74: =IFERROR(AVERAGEIF('2 Import Main'!$C$3:$DB$3,"R",'2 Import Main'!C74:DB74),"") | E74: =IFERROR(MAX('2 Import Main'!C74:DB74),"") -> 0 | F74: =IFERROR(MIN('2 Import Main'!C74:DB74),"") -> 0 | G74: =IF(B74=0,"",IF(E74=F74,1,0)) | H74: =IF(OR(B74=0,C74="",D74=""),0,IF(OR(AND(C74>=4,D74>=4),AND(C74<=2,D74<=2)),1,0)) -> 0 | I74: =IF(B74=0,"",IF(OR(G74=1,H74=1),0,1))
A75: =IF(COUNT('2 Import Main'!C75:DB75)=0,"",75) | B75: =COUNT('2 Import Main'!C75:DB75) -> 0 | C75: =IFERROR(AVERAGEIF('2 Import Main'!$C$3:$DB$3,"F",'2 Import Main'!C75:DB75),"") | D75: =IFERROR(AVERAGEIF('2 Import Main'!$C$3:$DB$3,"R",'2 Import Main'!C75:DB75),"") | E75: =IFERROR(MAX('2 Import Main'!C75:DB75),"") -> 0 | F75: =IFERROR(MIN('2 Import Main'!C75:DB75),"") -> 0 | G75: =IF(B75=0,"",IF(E75=F75,1,0)) | H75: =IF(OR(B75=0,C75="",D75=""),0,IF(OR(AND(C75>=4,D75>=4),AND(C75<=2,D75<=2)),1,0)) -> 0 | I75: =IF(B75=0,"",IF(OR(G75=1,H75=1),0,1))
A76: =IF(COUNT('2 Import Main'!C76:DB76)=0,"",76) | B76: =COUNT('2 Import Main'!C76:DB76) -> 0 | C76: =IFERROR(AVERAGEIF('2 Import Main'!$C$3:$DB$3,"F",'2 Import Main'!C76:DB76),"") | D76: =IFERROR(AVERAGEIF('2 Import Main'!$C$3:$DB$3,"R",'2 Import Main'!C76:DB76),"") | E76: =IFERROR(MAX('2 Import Main'!C76:DB76),"") -> 0 | F76: =IFERROR(MIN('2 Import Main'!C76:DB76),"") -> 0 | G76: =IF(B76=0,"",IF(E76=F76,1,0)) | H76: =IF(OR(B76=0,C76="",D76=""),0,IF(OR(AND(C76>=4,D76>=4),AND(C76<=2,D76<=2)),1,0)) -> 0 | I76: =IF(B76=0,"",IF(OR(G76=1,H76=1),0,1))
A77: =IF(COUNT('2 Import Main'!C77:DB77)=0,"",77) | B77: =COUNT('2 Import Main'!C77:DB77) -> 0 | C77: =IFERROR(AVERAGEIF('2 Import Main'!$C$3:$DB$3,"F",'2 Import Main'!C77:DB77),"") | D77: =IFERROR(AVERAGEIF('2 Import Main'!$C$3:$DB$3,"R",'2 Import Main'!C77:DB77),"") | E77: =IFERROR(MAX('2 Import Main'!C77:DB77),"") -> 0 | F77: =IFERROR(MIN('2 Import Main'!C77:DB77),"") -> 0 | G77: =IF(B77=0,"",IF(E77=F77,1,0)) | H77: =IF(OR(B77=0,C77="",D77=""),0,IF(OR(AND(C77>=4,D77>=4),AND(C77<=2,D77<=2)),1,0)) -> 0 | I77: =IF(B77=0,"",IF(OR(G77=1,H77=1),0,1))
A78: =IF(COUNT('2 Import Main'!C78:DB78)=0,"",78) | B78: =COUNT('2 Import Main'!C78:DB78) -> 0 | C78: =IFERROR(AVERAGEIF('2 Import Main'!$C$3:$DB$3,"F",'2 Import Main'!C78:DB78),"") | D78: =IFERROR(AVERAGEIF('2 Import Main'!$C$3:$DB$3,"R",'2 Import Main'!C78:DB78),"") | E78: =IFERROR(MAX('2 Import Main'!C78:DB78),"") -> 0 | F78: =IFERROR(MIN('2 Import Main'!C78:DB78),"") -> 0 | G78: =IF(B78=0,"",IF(E78=F78,1,0)) | H78: =IF(OR(B78=0,C78="",D78=""),0,IF(OR(AND(C78>=4,D78>=4),AND(C78<=2,D78<=2)),1,0)) -> 0 | I78: =IF(B78=0,"",IF(OR(G78=1,H78=1),0,1))
A79: =IF(COUNT('2 Import Main'!C79:DB79)=0,"",79) | B79: =COUNT('2 Import Main'!C79:DB79) -> 0 | C79: =IFERROR(AVERAGEIF('2 Import Main'!$C$3:$DB$3,"F",'2 Import Main'!C79:DB79),"") | D79: =IFERROR(AVERAGEIF('2 Import Main'!$C$3:$DB$3,"R",'2 Import Main'!C79:DB79),"") | E79: =IFERROR(MAX('2 Import Main'!C79:DB79),"") -> 0 | F79: =IFERROR(MIN('2 Import Main'!C79:DB79),"") -> 0 | G79: =IF(B79=0,"",IF(E79=F79,1,0)) | H79: =IF(OR(B79=0,C79="",D79=""),0,IF(OR(AND(C79>=4,D79>=4),AND(C79<=2,D79<=2)),1,0)) -> 0 | I79: =IF(B79=0,"",IF(OR(G79=1,H79=1),0,1))
A80: =IF(COUNT('2 Import Main'!C80:DB80)=0,"",80) | B80: =COUNT('2 Import Main'!C80:DB80) -> 0 | C80: =IFERROR(AVERAGEIF('2 Import Main'!$C$3:$DB$3,"F",'2 Import Main'!C80:DB80),"") | D80: =IFERROR(AVERAGEIF('2 Import Main'!$C$3:$DB$3,"R",'2 Import Main'!C80:DB80),"") | E80: =IFERROR(MAX('2 Import Main'!C80:DB80),"") -> 0 | F80: =IFERROR(MIN('2 Import Main'!C80:DB80),"") -> 0 | G80: =IF(B80=0,"",IF(E80=F80,1,0)) | H80: =IF(OR(B80=0,C80="",D80=""),0,IF(OR(AND(C80>=4,D80>=4),AND(C80<=2,D80<=2)),1,0)) -> 0 | I80: =IF(B80=0,"",IF(OR(G80=1,H80=1),0,1))
A81: =IF(COUNT('2 Import Main'!C81:DB81)=0,"",81) | B81: =COUNT('2 Import Main'!C81:DB81) -> 0 | C81: =IFERROR(AVERAGEIF('2 Import Main'!$C$3:$DB$3,"F",'2 Import Main'!C81:DB81),"") | D81: =IFERROR(AVERAGEIF('2 Import Main'!$C$3:$DB$3,"R",'2 Import Main'!C81:DB81),"") | E81: =IFERROR(MAX('2 Import Main'!C81:DB81),"") -> 0 | F81: =IFERROR(MIN('2 Import Main'!C81:DB81),"") -> 0 | G81: =IF(B81=0,"",IF(E81=F81,1,0)) | H81: =IF(OR(B81=0,C81="",D81=""),0,IF(OR(AND(C81>=4,D81>=4),AND(C81<=2,D81<=2)),1,0)) -> 0 | I81: =IF(B81=0,"",IF(OR(G81=1,H81=1),0,1))
A82: =IF(COUNT('2 Import Main'!C82:DB82)=0,"",82) | B82: =COUNT('2 Import Main'!C82:DB82) -> 0 | C82: =IFERROR(AVERAGEIF('2 Import Main'!$C$3:$DB$3,"F",'2 Import Main'!C82:DB82),"") | D82: =IFERROR(AVERAGEIF('2 Import Main'!$C$3:$DB$3,"R",'2 Import Main'!C82:DB82),"") | E82: =IFERROR(MAX('2 Import Main'!C82:DB82),"") -> 0 | F82: =IFERROR(MIN('2 Import Main'!C82:DB82),"") -> 0 | G82: =IF(B82=0,"",IF(E82=F82,1,0)) | H82: =IF(OR(B82=0,C82="",D82=""),0,IF(OR(AND(C82>=4,D82>=4),AND(C82<=2,D82<=2)),1,0)) -> 0 | I82: =IF(B82=0,"",IF(OR(G82=1,H82=1),0,1))
A83: =IF(COUNT('2 Import Main'!C83:DB83)=0,"",83) | B83: =COUNT('2 Import Main'!C83:DB83) -> 0 | C83: =IFERROR(AVERAGEIF('2 Import Main'!$C$3:$DB$3,"F",'2 Import Main'!C83:DB83),"") | D83: =IFERROR(AVERAGEIF('2 Import Main'!$C$3:$DB$3,"R",'2 Import Main'!C83:DB83),"") | E83: =IFERROR(MAX('2 Import Main'!C83:DB83),"") -> 0 | F83: =IFERROR(MIN('2 Import Main'!C83:DB83),"") -> 0 | G83: =IF(B83=0,"",IF(E83=F83,1,0)) | H83: =IF(OR(B83=0,C83="",D83=""),0,IF(OR(AND(C83>=4,D83>=4),AND(C83<=2,D83<=2)),1,0)) -> 0 | I83: =IF(B83=0,"",IF(OR(G83=1,H83=1),0,1))
A84: =IF(COUNT('2 Import Main'!C84:DB84)=0,"",84) | B84: =COUNT('2 Import Main'!C84:DB84) -> 0 | C84: =IFERROR(AVERAGEIF('2 Import Main'!$C$3:$DB$3,"F",'2 Import Main'!C84:DB84),"") | D84: =IFERROR(AVERAGEIF('2 Import Main'!$C$3:$DB$3,"R",'2 Import Main'!C84:DB84),"") | E84: =IFERROR(MAX('2 Import Main'!C84:DB84),"") -> 0 | F84: =IFERROR(MIN('2 Import Main'!C84:DB84),"") -> 0 | G84: =IF(B84=0,"",IF(E84=F84,1,0)) | H84: =IF(OR(B84=0,C84="",D84=""),0,IF(OR(AND(C84>=4,D84>=4),AND(C84<=2,D84<=2)),1,0)) -> 0 | I84: =IF(B84=0,"",IF(OR(G84=1,H84=1),0,1))
A85: =IF(COUNT('2 Import Main'!C85:DB85)=0,"",85) | B85: =COUNT('2 Import Main'!C85:DB85) -> 0 | C85: =IFERROR(AVERAGEIF('2 Import Main'!$C$3:$DB$3,"F",'2 Import Main'!C85:DB85),"") | D85: =IFERROR(AVERAGEIF('2 Import Main'!$C$3:$DB$3,"R",'2 Import Main'!C85:DB85),"") | E85: =IFERROR(MAX('2 Import Main'!C85:DB85),"") -> 0 | F85: =IFERROR(MIN('2 Import Main'!C85:DB85),"") -> 0 | G85: =IF(B85=0,"",IF(E85=F85,1,0)) | H85: =IF(OR(B85=0,C85="",D85=""),0,IF(OR(AND(C85>=4,D85>=4),AND(C85<=2,D85<=2)),1,0)) -> 0 | I85: =IF(B85=0,"",IF(OR(G85=1,H85=1),0,1))
A86: =IF(COUNT('2 Import Main'!C86:DB86)=0,"",86) | B86: =COUNT('2 Import Main'!C86:DB86) -> 0 | C86: =IFERROR(AVERAGEIF('2 Import Main'!$C$3:$DB$3,"F",'2 Import Main'!C86:DB86),"") | D86: =IFERROR(AVERAGEIF('2 Import Main'!$C$3:$DB$3,"R",'2 Import Main'!C86:DB86),"") | E86: =IFERROR(MAX('2 Import Main'!C86:DB86),"") -> 0 | F86: =IFERROR(MIN('2 Import Main'!C86:DB86),"") -> 0 | G86: =IF(B86=0,"",IF(E86=F86,1,0)) | H86: =IF(OR(B86=0,C86="",D86=""),0,IF(OR(AND(C86>=4,D86>=4),AND(C86<=2,D86<=2)),1,0)) -> 0 | I86: =IF(B86=0,"",IF(OR(G86=1,H86=1),0,1))
A87: =IF(COUNT('2 Import Main'!C87:DB87)=0,"",87) | B87: =COUNT('2 Import Main'!C87:DB87) -> 0 | C87: =IFERROR(AVERAGEIF('2 Import Main'!$C$3:$DB$3,"F",'2 Import Main'!C87:DB87),"") | D87: =IFERROR(AVERAGEIF('2 Import Main'!$C$3:$DB$3,"R",'2 Import Main'!C87:DB87),"") | E87: =IFERROR(MAX('2 Import Main'!C87:DB87),"") -> 0 | F87: =IFERROR(MIN('2 Import Main'!C87:DB87),"") -> 0 | G87: =IF(B87=0,"",IF(E87=F87,1,0)) | H87: =IF(OR(B87=0,C87="",D87=""),0,IF(OR(AND(C87>=4,D87>=4),AND(C87<=2,D87<=2)),1,0)) -> 0 | I87: =IF(B87=0,"",IF(OR(G87=1,H87=1),0,1))
A88: =IF(COUNT('2 Import Main'!C88:DB88)=0,"",88) | B88: =COUNT('2 Import Main'!C88:DB88) -> 0 | C88: =IFERROR(AVERAGEIF('2 Import Main'!$C$3:$DB$3,"F",'2 Import Main'!C88:DB88),"") | D88: =IFERROR(AVERAGEIF('2 Import Main'!$C$3:$DB$3,"R",'2 Import Main'!C88:DB88),"") | E88: =IFERROR(MAX('2 Import Main'!C88:DB88),"") -> 0 | F88: =IFERROR(MIN('2 Import Main'!C88:DB88),"") -> 0 | G88: =IF(B88=0,"",IF(E88=F88,1,0)) | H88: =IF(OR(B88=0,C88="",D88=""),0,IF(OR(AND(C88>=4,D88>=4),AND(C88<=2,D88<=2)),1,0)) -> 0 | I88: =IF(B88=0,"",IF(OR(G88=1,H88=1),0,1))
A89: =IF(COUNT('2 Import Main'!C89:DB89)=0,"",89) | B89: =COUNT('2 Import Main'!C89:DB89) -> 0 | C89: =IFERROR(AVERAGEIF('2 Import Main'!$C$3:$DB$3,"F",'2 Import Main'!C89:DB89),"") | D89: =IFERROR(AVERAGEIF('2 Import Main'!$C$3:$DB$3,"R",'2 Import Main'!C89:DB89),"") | E89: =IFERROR(MAX('2 Import Main'!C89:DB89),"") -> 0 | F89: =IFERROR(MIN('2 Import Main'!C89:DB89),"") -> 0 | G89: =IF(B89=0,"",IF(E89=F89,1,0)) | H89: =IF(OR(B89=0,C89="",D89=""),0,IF(OR(AND(C89>=4,D89>=4),AND(C89<=2,D89<=2)),1,0)) -> 0 | I89: =IF(B89=0,"",IF(OR(G89=1,H89=1),0,1))
A90: =IF(COUNT('2 Import Main'!C90:DB90)=0,"",90) | B90: =COUNT('2 Import Main'!C90:DB90) -> 0 | C90: =IFERROR(AVERAGEIF('2 Import Main'!$C$3:$DB$3,"F",'2 Import Main'!C90:DB90),"") | D90: =IFERROR(AVERAGEIF('2 Import Main'!$C$3:$DB$3,"R",'2 Import Main'!C90:DB90),"") | E90: =IFERROR(MAX('2 Import Main'!C90:DB90),"") -> 0 | F90: =IFERROR(MIN('2 Import Main'!C90:DB90),"") -> 0 | G90: =IF(B90=0,"",IF(E90=F90,1,0)) | H90: =IF(OR(B90=0,C90="",D90=""),0,IF(OR(AND(C90>=4,D90>=4),AND(C90<=2,D90<=2)),1,0)) -> 0 | I90: =IF(B90=0,"",IF(OR(G90=1,H90=1),0,1))
A91: =IF(COUNT('2 Import Main'!C91:DB91)=0,"",91) | B91: =COUNT('2 Import Main'!C91:DB91) -> 0 | C91: =IFERROR(AVERAGEIF('2 Import Main'!$C$3:$DB$3,"F",'2 Import Main'!C91:DB91),"") | D91: =IFERROR(AVERAGEIF('2 Import Main'!$C$3:$DB$3,"R",'2 Import Main'!C91:DB91),"") | E91: =IFERROR(MAX('2 Import Main'!C91:DB91),"") -> 0 | F91: =IFERROR(MIN('2 Import Main'!C91:DB91),"") -> 0 | G91: =IF(B91=0,"",IF(E91=F91,1,0)) | H91: =IF(OR(B91=0,C91="",D91=""),0,IF(OR(AND(C91>=4,D91>=4),AND(C91<=2,D91<=2)),1,0)) -> 0 | I91: =IF(B91=0,"",IF(OR(G91=1,H91=1),0,1))
A92: =IF(COUNT('2 Import Main'!C92:DB92)=0,"",92) | B92: =COUNT('2 Import Main'!C92:DB92) -> 0 | C92: =IFERROR(AVERAGEIF('2 Import Main'!$C$3:$DB$3,"F",'2 Import Main'!C92:DB92),"") | D92: =IFERROR(AVERAGEIF('2 Import Main'!$C$3:$DB$3,"R",'2 Import Main'!C92:DB92),"") | E92: =IFERROR(MAX('2 Import Main'!C92:DB92),"") -> 0 | F92: =IFERROR(MIN('2 Import Main'!C92:DB92),"") -> 0 | G92: =IF(B92=0,"",IF(E92=F92,1,0)) | H92: =IF(OR(B92=0,C92="",D92=""),0,IF(OR(AND(C92>=4,D92>=4),AND(C92<=2,D92<=2)),1,0)) -> 0 | I92: =IF(B92=0,"",IF(OR(G92=1,H92=1),0,1))
A93: =IF(COUNT('2 Import Main'!C93:DB93)=0,"",93) | B93: =COUNT('2 Import Main'!C93:DB93) -> 0 | C93: =IFERROR(AVERAGEIF('2 Import Main'!$C$3:$DB$3,"F",'2 Import Main'!C93:DB93),"") | D93: =IFERROR(AVERAGEIF('2 Import Main'!$C$3:$DB$3,"R",'2 Import Main'!C93:DB93),"") | E93: =IFERROR(MAX('2 Import Main'!C93:DB93),"") -> 0 | F93: =IFERROR(MIN('2 Import Main'!C93:DB93),"") -> 0 | G93: =IF(B93=0,"",IF(E93=F93,1,0)) | H93: =IF(OR(B93=0,C93="",D93=""),0,IF(OR(AND(C93>=4,D93>=4),AND(C93<=2,D93<=2)),1,0)) -> 0 | I93: =IF(B93=0,"",IF(OR(G93=1,H93=1),0,1))
A94: =IF(COUNT('2 Import Main'!C94:DB94)=0,"",94) | B94: =COUNT('2 Import Main'!C94:DB94) -> 0 | C94: =IFERROR(AVERAGEIF('2 Import Main'!$C$3:$DB$3,"F",'2 Import Main'!C94:DB94),"") | D94: =IFERROR(AVERAGEIF('2 Import Main'!$C$3:$DB$3,"R",'2 Import Main'!C94:DB94),"") | E94: =IFERROR(MAX('2 Import Main'!C94:DB94),"") -> 0 | F94: =IFERROR(MIN('2 Import Main'!C94:DB94),"") -> 0 | G94: =IF(B94=0,"",IF(E94=F94,1,0)) | H94: =IF(OR(B94=0,C94="",D94=""),0,IF(OR(AND(C94>=4,D94>=4),AND(C94<=2,D94<=2)),1,0)) -> 0 | I94: =IF(B94=0,"",IF(OR(G94=1,H94=1),0,1))
A95: =IF(COUNT('2 Import Main'!C95:DB95)=0,"",95) | B95: =COUNT('2 Import Main'!C95:DB95) -> 0 | C95: =IFERROR(AVERAGEIF('2 Import Main'!$C$3:$DB$3,"F",'2 Import Main'!C95:DB95),"") | D95: =IFERROR(AVERAGEIF('2 Import Main'!$C$3:$DB$3,"R",'2 Import Main'!C95:DB95),"") | E95: =IFERROR(MAX('2 Import Main'!C95:DB95),"") -> 0 | F95: =IFERROR(MIN('2 Import Main'!C95:DB95),"") -> 0 | G95: =IF(B95=0,"",IF(E95=F95,1,0)) | H95: =IF(OR(B95=0,C95="",D95=""),0,IF(OR(AND(C95>=4,D95>=4),AND(C95<=2,D95<=2)),1,0)) -> 0 | I95: =IF(B95=0,"",IF(OR(G95=1,H95=1),0,1))
A96: =IF(COUNT('2 Import Main'!C96:DB96)=0,"",96) | B96: =COUNT('2 Import Main'!C96:DB96) -> 0 | C96: =IFERROR(AVERAGEIF('2 Import Main'!$C$3:$DB$3,"F",'2 Import Main'!C96:DB96),"") | D96: =IFERROR(AVERAGEIF('2 Import Main'!$C$3:$DB$3,"R",'2 Import Main'!C96:DB96),"") | E96: =IFERROR(MAX('2 Import Main'!C96:DB96),"") -> 0 | F96: =IFERROR(MIN('2 Import Main'!C96:DB96),"") -> 0 | G96: =IF(B96=0,"",IF(E96=F96,1,0)) | H96: =IF(OR(B96=0,C96="",D96=""),0,IF(OR(AND(C96>=4,D96>=4),AND(C96<=2,D96<=2)),1,0)) -> 0 | I96: =IF(B96=0,"",IF(OR(G96=1,H96=1),0,1))
A97: =IF(COUNT('2 Import Main'!C97:DB97)=0,"",97) | B97: =COUNT('2 Import Main'!C97:DB97) -> 0 | C97: =IFERROR(AVERAGEIF('2 Import Main'!$C$3:$DB$3,"F",'2 Import Main'!C97:DB97),"") | D97: =IFERROR(AVERAGEIF('2 Import Main'!$C$3:$DB$3,"R",'2 Import Main'!C97:DB97),"") | E97: =IFERROR(MAX('2 Import Main'!C97:DB97),"") -> 0 | F97: =IFERROR(MIN('2 Import Main'!C97:DB97),"") -> 0 | G97: =IF(B97=0,"",IF(E97=F97,1,0)) | H97: =IF(OR(B97=0,C97="",D97=""),0,IF(OR(AND(C97>=4,D97>=4),AND(C97<=2,D97<=2)),1,0)) -> 0 | I97: =IF(B97=0,"",IF(OR(G97=1,H97=1),0,1))
A98: =IF(COUNT('2 Import Main'!C98:DB98)=0,"",98) | B98: =COUNT('2 Import Main'!C98:DB98) -> 0 | C98: =IFERROR(AVERAGEIF('2 Import Main'!$C$3:$DB$3,"F",'2 Import Main'!C98:DB98),"") | D98: =IFERROR(AVERAGEIF('2 Import Main'!$C$3:$DB$3,"R",'2 Import Main'!C98:DB98),"") | E98: =IFERROR(MAX('2 Import Main'!C98:DB98),"") -> 0 | F98: =IFERROR(MIN('2 Import Main'!C98:DB98),"") -> 0 | G98: =IF(B98=0,"",IF(E98=F98,1,0)) | H98: =IF(OR(B98=0,C98="",D98=""),0,IF(OR(AND(C98>=4,D98>=4),AND(C98<=2,D98<=2)),1,0)) -> 0 | I98: =IF(B98=0,"",IF(OR(G98=1,H98=1),0,1))
A99: =IF(COUNT('2 Import Main'!C99:DB99)=0,"",99) | B99: =COUNT('2 Import Main'!C99:DB99) -> 0 | C99: =IFERROR(AVERAGEIF('2 Import Main'!$C$3:$DB$3,"F",'2 Import Main'!C99:DB99),"") | D99: =IFERROR(AVERAGEIF('2 Import Main'!$C$3:$DB$3,"R",'2 Import Main'!C99:DB99),"") | E99: =IFERROR(MAX('2 Import Main'!C99:DB99),"") -> 0 | F99: =IFERROR(MIN('2 Import Main'!C99:DB99),"") -> 0 | G99: =IF(B99=0,"",IF(E99=F99,1,0)) | H99: =IF(OR(B99=0,C99="",D99=""),0,IF(OR(AND(C99>=4,D99>=4),AND(C99<=2,D99<=2)),1,0)) -> 0 | I99: =IF(B99=0,"",IF(OR(G99=1,H99=1),0,1))
A100: =IF(COUNT('2 Import Main'!C100:DB100)=0,"",100) | B100: =COUNT('2 Import Main'!C100:DB100) -> 0 | C100: =IFERROR(AVERAGEIF('2 Import Main'!$C$3:$DB$3,"F",'2 Import Main'!C100:DB100),"") | D100: =IFERROR(AVERAGEIF('2 Import Main'!$C$3:$DB$3,"R",'2 Import Main'!C100:DB100),"") | E100: =IFERROR(MAX('2 Import Main'!C100:DB100),"") -> 0 | F100: =IFERROR(MIN('2 Import Main'!C100:DB100),"") -> 0 | G100: =IF(B100=0,"",IF(E100=F100,1,0)) | H100: =IF(OR(B100=0,C100="",D100=""),0,IF(OR(AND(C100>=4,D100>=4),AND(C100<=2,D100<=2)),1,0)) -> 0 | I100: =IF(B100=0,"",IF(OR(G100=1,H100=1),0,1))
A101: =IF(COUNT('2 Import Main'!C101:DB101)=0,"",101) | B101: =COUNT('2 Import Main'!C101:DB101) -> 0 | C101: =IFERROR(AVERAGEIF('2 Import Main'!$C$3:$DB$3,"F",'2 Import Main'!C101:DB101),"") | D101: =IFERROR(AVERAGEIF('2 Import Main'!$C$3:$DB$3,"R",'2 Import Main'!C101:DB101),"") | E101: =IFERROR(MAX('2 Import Main'!C101:DB101),"") -> 0 | F101: =IFERROR(MIN('2 Import Main'!C101:DB101),"") -> 0 | G101: =IF(B101=0,"",IF(E101=F101,1,0)) | H101: =IF(OR(B101=0,C101="",D101=""),0,IF(OR(AND(C101>=4,D101>=4),AND(C101<=2,D101<=2)),1,0)) -> 0 | I101: =IF(B101=0,"",IF(OR(G101=1,H101=1),0,1))
...

Sheet 8 Type A Means
A1: Type A Item Means (raw, un-flipped)
A2: Mean per item over VALID respondents, 1.00-5.00. The Diagnostic Workbook flips reverse items and applies (mean-1)x25. Do not flip or convert here.
A4: Sub-dimension | B4: Item | C4: Raw mean | D4: Reverse? | E4: Response rate | F4: Flag
A5: C4 | B5: CII-01 | C5: =IFERROR(AVERAGEIFS('2 Import Main'!C5:C204,'7 Screening'!$I$5:$I$204,1),"") | E5: =IF('1 Setup & Keys'!$B$20="","",IFERROR(COUNTIFS('7 Screening'!$I$5:$I$204,1,'2 Import Main'!C5:C204,"<>")/'1 Setup & Keys'!$B$20,"")) | F5: =IF($E$5="","",IF($E$5<Reference!$B$5,"LOW",""))
A6: C4 | B6: CII-02 | C6: =IFERROR(AVERAGEIFS('2 Import Main'!D5:D204,'7 Screening'!$I$5:$I$204,1),"")
A7: C4 | B7: CII-03 | C7: =IFERROR(AVERAGEIFS('2 Import Main'!E5:E204,'7 Screening'!$I$5:$I$204,1),"")
A8: C4 | B8: CII-04 | C8: =IFERROR(AVERAGEIFS('2 Import Main'!F5:F204,'7 Screening'!$I$5:$I$204,1),"")
A9: C4 | B9: CII-05 | C9: =IFERROR(AVERAGEIFS('2 Import Main'!G5:G204,'7 Screening'!$I$5:$I$204,1),"") | D9: R
A10: C4 | B10: CII-06 | C10: =IFERROR(AVERAGEIFS('2 Import Main'!H5:H204,'7 Screening'!$I$5:$I$204,1),"")
A11: C4 | B11: CII-07 | C11: =IFERROR(AVERAGEIFS('2 Import Main'!I5:I204,'7 Screening'!$I$5:$I$204,1),"")
A12: C4 | B12: CII-08 | C12: =IFERROR(AVERAGEIFS('2 Import Main'!J5:J204,'7 Screening'!$I$5:$I$204,1),"")
A13: C4 | B13: CII-09 | C13: =IFERROR(AVERAGEIFS('2 Import Main'!K5:K204,'7 Screening'!$I$5:$I$204,1),"")
A14: C4 | B14: CII-10 | C14: =IFERROR(AVERAGEIFS('2 Import Main'!L5:L204,'7 Screening'!$I$5:$I$204,1),"") | D14: R
A15: C4 | B15: CII-11 | C15: =IFERROR(AVERAGEIFS('2 Import Main'!M5:M204,'7 Screening'!$I$5:$I$204,1),"")
A16: C4 | B16: CII-12 | C16: =IFERROR(AVERAGEIFS('2 Import Main'!N5:N204,'7 Screening'!$I$5:$I$204,1),"")
A17: C4 | B17: CII-13 | C17: =IFERROR(AVERAGEIFS('2 Import Main'!O5:O204,'7 Screening'!$I$5:$I$204,1),"")
A18: C4 | B18: CII-14 | C18: =IFERROR(AVERAGEIFS('2 Import Main'!P5:P204,'7 Screening'!$I$5:$I$204,1),"")
A19: C4 | B19: CII-15 | C19: =IFERROR(AVERAGEIFS('2 Import Main'!Q5:Q204,'7 Screening'!$I$5:$I$204,1),"") | D19: R
A20: M1 | B20: MI1-01 | C20: =IFERROR(AVERAGEIFS('2 Import Main'!R5:R204,'7 Screening'!$I$5:$I$204,1),"") | E20: =IF('1 Setup & Keys'!$B$20="","",IFERROR(COUNTIFS('7 Screening'!$I$5:$I$204,1,'2 Import Main'!R5:R204,"<>")/'1 Setup & Keys'!$B$20,"")) | F20: =IF($E$20="","",IF($E$20<Reference!$B$5,"LOW",""))
A21: M1 | B21: MI1-02 | C21: =IFERROR(AVERAGEIFS('2 Import Main'!S5:S204,'7 Screening'!$I$5:$I$204,1),"")
A22: M1 | B22: MI1-03 | C22: =IFERROR(AVERAGEIFS('2 Import Main'!T5:T204,'7 Screening'!$I$5:$I$204,1),"")
A23: M1 | B23: MI1-04 | C23: =IFERROR(AVERAGEIFS('2 Import Main'!U5:U204,'7 Screening'!$I$5:$I$204,1),"") | D23: R
A24: M1 | B24: MI1-05 | C24: =IFERROR(AVERAGEIFS('2 Import Main'!V5:V204,'7 Screening'!$I$5:$I$204,1),"")
A25: M1 | B25: MI1-06 | C25: =IFERROR(AVERAGEIFS('2 Import Main'!W5:W204,'7 Screening'!$I$5:$I$204,1),"")
A26: M1 | B26: MI1-07 | C26: =IFERROR(AVERAGEIFS('2 Import Main'!X5:X204,'7 Screening'!$I$5:$I$204,1),"")
A27: M1 | B27: MI1-08 | C27: =IFERROR(AVERAGEIFS('2 Import Main'!Y5:Y204,'7 Screening'!$I$5:$I$204,1),"")
A28: M2 | B28: MI2-01 | C28: =IFERROR(AVERAGEIFS('2 Import Main'!Z5:Z204,'7 Screening'!$I$5:$I$204,1),"") | E28: =IF('1 Setup & Keys'!$B$20="","",IFERROR(COUNTIFS('7 Screening'!$I$5:$I$204,1,'2 Import Main'!Z5:Z204,"<>")/'1 Setup & Keys'!$B$20,"")) | F28: =IF($E$28="","",IF($E$28<Reference!$B$5,"LOW",""))
A29: M2 | B29: MI2-02 | C29: =IFERROR(AVERAGEIFS('2 Import Main'!AA5:AA204,'7 Screening'!$I$5:$I$204,1),"")
A30: M2 | B30: MI2-03 | C30: =IFERROR(AVERAGEIFS('2 Import Main'!AB5:AB204,'7 Screening'!$I$5:$I$204,1),"")
A31: M2 | B31: MI2-04 | C31: =IFERROR(AVERAGEIFS('2 Import Main'!AC5:AC204,'7 Screening'!$I$5:$I$204,1),"")
A32: M2 | B32: MI2-05 | C32: =IFERROR(AVERAGEIFS('2 Import Main'!AD5:AD204,'7 Screening'!$I$5:$I$204,1),"") | D32: R
A33: M3 | B33: MI3-01 | C33: =IFERROR(AVERAGEIFS('2 Import Main'!AE5:AE204,'7 Screening'!$I$5:$I$204,1),"") | E33: =IF('1 Setup & Keys'!$B$20="","",IFERROR(COUNTIFS('7 Screening'!$I$5:$I$204,1,'2 Import Main'!AE5:AE204,"<>")/'1 Setup & Keys'!$B$20,"")) | F33: =IF($E$33="","",IF($E$33<Reference!$B$5,"LOW",""))
A34: M3 | B34: MI3-02 | C34: =IFERROR(AVERAGEIFS('2 Import Main'!AF5:AF204,'7 Screening'!$I$5:$I$204,1),"")
A35: M3 | B35: MI3-03 | C35: =IFERROR(AVERAGEIFS('2 Import Main'!AG5:AG204,'7 Screening'!$I$5:$I$204,1),"")
A36: M3 | B36: MI3-04 | C36: =IFERROR(AVERAGEIFS('2 Import Main'!AH5:AH204,'7 Screening'!$I$5:$I$204,1),"") | D36: R
A37: M3 | B37: MI3-05 | C37: =IFERROR(AVERAGEIFS('2 Import Main'!AI5:AI204,'7 Screening'!$I$5:$I$204,1),"")
A38: M4 | B38: MI4-01 | C38: =IFERROR(AVERAGEIFS('2 Import Main'!AJ5:AJ204,'7 Screening'!$I$5:$I$204,1),"") | E38: =IF('1 Setup & Keys'!$B$20="","",IFERROR(COUNTIFS('7 Screening'!$I$5:$I$204,1,'2 Import Main'!AJ5:AJ204,"<>")/'1 Setup & Keys'!$B$20,"")) | F38: =IF($E$38="","",IF($E$38<Reference!$B$5,"LOW",""))
A39: M4 | B39: MI4-02 | C39: =IFERROR(AVERAGEIFS('2 Import Main'!AK5:AK204,'7 Screening'!$I$5:$I$204,1),"")
A40: M4 | B40: MI4-03 | C40: =IFERROR(AVERAGEIFS('2 Import Main'!AL5:AL204,'7 Screening'!$I$5:$I$204,1),"")
A41: M4 | B41: MI4-04 | C41: =IFERROR(AVERAGEIFS('2 Import Main'!AM5:AM204,'7 Screening'!$I$5:$I$204,1),"") | D41: R
A42: TW | B42: TW-01 | C42: =IFERROR(AVERAGEIFS('2 Import Main'!AN5:AN204,'7 Screening'!$I$5:$I$204,1),"") | E42: =IF('1 Setup & Keys'!$B$20="","",IFERROR(COUNTIFS('7 Screening'!$I$5:$I$204,1,'2 Import Main'!AN5:AN204,"<>")/'1 Setup & Keys'!$B$20,"")) | F42: =IF($E$42="","",IF($E$42<Reference!$B$5,"LOW",""))
A43: TW | B43: TW-02 | C43: =IFERROR(AVERAGEIFS('2 Import Main'!AO5:AO204,'7 Screening'!$I$5:$I$204,1),"")
A44: TW | B44: TW-03 | C44: =IFERROR(AVERAGEIFS('2 Import Main'!AP5:AP204,'7 Screening'!$I$5:$I$204,1),"")
A45: O1 | B45: OI1-01 | C45: =IFERROR(AVERAGEIFS('2 Import Main'!AQ5:AQ204,'7 Screening'!$I$5:$I$204,1),"") | E45: =IF('1 Setup & Keys'!$B$20="","",IFERROR(COUNTIFS('7 Screening'!$I$5:$I$204,1,'2 Import Main'!AQ5:AQ204,"<>")/'1 Setup & Keys'!$B$20,"")) | F45: =IF($E$45="","",IF($E$45<Reference!$B$5,"LOW",""))
A46: O1 | B46: OI1-02 | C46: =IFERROR(AVERAGEIFS('2 Import Main'!AR5:AR204,'7 Screening'!$I$5:$I$204,1),"")
A47: O1 | B47: OI1-03 | C47: =IFERROR(AVERAGEIFS('2 Import Main'!AS5:AS204,'7 Screening'!$I$5:$I$204,1),"") | D47: R
A48: O1 | B48: OI1-04 | C48: =IFERROR(AVERAGEIFS('2 Import Main'!AT5:AT204,'7 Screening'!$I$5:$I$204,1),"")
A49: O1 | B49: OI1-05 | C49: =IFERROR(AVERAGEIFS('2 Import Main'!AU5:AU204,'7 Screening'!$I$5:$I$204,1),"")
A50: O1 | B50: OI1-06 | C50: =IFERROR(AVERAGEIFS('2 Import Main'!AV5:AV204,'7 Screening'!$I$5:$I$204,1),"") | D50: R
A51: O1 | B51: OI1-07 | C51: =IFERROR(AVERAGEIFS('2 Import Main'!AW5:AW204,'7 Screening'!$I$5:$I$204,1),"")
A52: O1 | B52: OI1-08 | C52: =IFERROR(AVERAGEIFS('2 Import Main'!AX5:AX204,'7 Screening'!$I$5:$I$204,1),"")
A53: O2 | B53: OI2-01 | C53: =IFERROR(AVERAGEIFS('2 Import Main'!AY5:AY204,'7 Screening'!$I$5:$I$204,1),"") | E53: =IF('1 Setup & Keys'!$B$20="","",IFERROR(COUNTIFS('7 Screening'!$I$5:$I$204,1,'2 Import Main'!AY5:AY204,"<>")/'1 Setup & Keys'!$B$20,"")) | F53: =IF($E$53="","",IF($E$53<Reference!$B$5,"LOW",""))
A54: O2 | B54: OI2-02 | C54: =IFERROR(AVERAGEIFS('2 Import Main'!AZ5:AZ204,'7 Screening'!$I$5:$I$204,1),"")
A55: O2 | B55: OI2-03 | C55: =IFERROR(AVERAGEIFS('2 Import Main'!BA5:BA204,'7 Screening'!$I$5:$I$204,1),"")
A56: O2 | B56: OI2-04 | C56: =IFERROR(AVERAGEIFS('2 Import Main'!BB5:BB204,'7 Screening'!$I$5:$I$204,1),"") | D56: R
A57: O3 | B57: OI3-01 | C57: =IFERROR(AVERAGEIFS('2 Import Main'!BC5:BC204,'7 Screening'!$I$5:$I$204,1),"") | E57: =IF('1 Setup & Keys'!$B$20="","",IFERROR(COUNTIFS('7 Screening'!$I$5:$I$204,1,'2 Import Main'!BC5:BC204,"<>")/'1 Setup & Keys'!$B$20,"")) | F57: =IF($E$57="","",IF($E$57<Reference!$B$5,"LOW",""))
A58: O3 | B58: OI3-02 | C58: =IFERROR(AVERAGEIFS('2 Import Main'!BD5:BD204,'7 Screening'!$I$5:$I$204,1),"")
A59: O3 | B59: OI3-03 | C59: =IFERROR(AVERAGEIFS('2 Import Main'!BE5:BE204,'7 Screening'!$I$5:$I$204,1),"")
A60: O3 | B60: OI3-04 | C60: =IFERROR(AVERAGEIFS('2 Import Main'!BF5:BF204,'7 Screening'!$I$5:$I$204,1),"")
A61: O3 | B61: OI3-05 | C61: =IFERROR(AVERAGEIFS('2 Import Main'!BG5:BG204,'7 Screening'!$I$5:$I$204,1),"") | D61: R
A62: O4 | B62: OI4-01 | C62: =IFERROR(AVERAGEIFS('2 Import Main'!BH5:BH204,'7 Screening'!$I$5:$I$204,1),"") | E62: =IF('1 Setup & Keys'!$B$20="","",IFERROR(COUNTIFS('7 Screening'!$I$5:$I$204,1,'2 Import Main'!BH5:BH204,"<>")/'1 Setup & Keys'!$B$20,"")) | F62: =IF($E$62="","",IF($E$62<Reference!$B$5,"LOW",""))
A63: O4 | B63: OI4-02 | C63: =IFERROR(AVERAGEIFS('2 Import Main'!BI5:BI204,'7 Screening'!$I$5:$I$204,1),"")
A64: O4 | B64: OI4-03 | C64: =IFERROR(AVERAGEIFS('2 Import Main'!BJ5:BJ204,'7 Screening'!$I$5:$I$204,1),"") | D64: R
A65: O5 | B65: OI5-01 | C65: =IFERROR(AVERAGEIFS('2 Import Main'!BK5:BK204,'7 Screening'!$I$5:$I$204,1),"") | E65: =IF('1 Setup & Keys'!$B$20="","",IFERROR(COUNTIFS('7 Screening'!$I$5:$I$204,1,'2 Import Main'!BK5:BK204,"<>")/'1 Setup & Keys'!$B$20,"")) | F65: =IF($E$65="","",IF($E$65<Reference!$B$5,"LOW",""))
A66: O5 | B66: OI5-02 | C66: =IFERROR(AVERAGEIFS('2 Import Main'!BL5:BL204,'7 Screening'!$I$5:$I$204,1),"")
A67: O5 | B67: OI5-03 | C67: =IFERROR(AVERAGEIFS('2 Import Main'!BM5:BM204,'7 Screening'!$I$5:$I$204,1),"")
A68: S2 | B68: TSI2-01 | C68: =IFERROR(AVERAGEIFS('2 Import Main'!BN5:BN204,'7 Screening'!$I$5:$I$204,1),"") | E68: =IF('1 Setup & Keys'!$B$20="","",IFERROR(COUNTIFS('7 Screening'!$I$5:$I$204,1,'2 Import Main'!BN5:BN204,"<>")/'1 Setup & Keys'!$B$20,"")) | F68: =IF($E$68="","",IF($E$68<Reference!$B$5,"LOW",""))
A69: S2 | B69: TSI2-02 | C69: =IFERROR(AVERAGEIFS('2 Import Main'!BO5:BO204,'7 Screening'!$I$5:$I$204,1),"")
A70: S2 | B70: TSI2-03 | C70: =IFERROR(AVERAGEIFS('2 Import Main'!BP5:BP204,'7 Screening'!$I$5:$I$204,1),"") | D70: R
A71: S3 | B71: TSI3-01 | C71: =IFERROR(AVERAGEIFS('2 Import Main'!BQ5:BQ204,'7 Screening'!$I$5:$I$204,1),"") | E71: =IF('1 Setup & Keys'!$B$20="","",IFERROR(COUNTIFS('7 Screening'!$I$5:$I$204,1,'2 Import Main'!BQ5:BQ204,"<>")/'1 Setup & Keys'!$B$20,"")) | F71: =IF($E$71="","",IF($E$71<Reference!$B$5,"LOW",""))
A72: S3 | B72: TSI3-02 | C72: =IFERROR(AVERAGEIFS('2 Import Main'!BR5:BR204,'7 Screening'!$I$5:$I$204,1),"")
A73: S3 | B73: TSI3-03 | C73: =IFERROR(AVERAGEIFS('2 Import Main'!BS5:BS204,'7 Screening'!$I$5:$I$204,1),"")
A74: S3 | B74: TSI3-04 | C74: =IFERROR(AVERAGEIFS('2 Import Main'!BT5:BT204,'7 Screening'!$I$5:$I$204,1),"") | D74: R
A75: S3 | B75: TSI3-05 | C75: =IFERROR(AVERAGEIFS('2 Import Main'!BU5:BU204,'7 Screening'!$I$5:$I$204,1),"") | D75: R
A77: CII team-level (C4) — 15 item means per team
A78: Per-team means feed the Diagnostic Workbook optional team-level C4 block (FTE-weighted to unit). Teams below 4 valid or 70% are flagged.
A79: Team | B79: Valid n | C79: Rate | D79: CII-01 | E79: CII-02 | F79: CII-03 | G79: CII-04 | H79: CII-05 | I79: CII-06 | J79: CII-07 | K79: CII-08 | L79: CII-09 | M79: CII-10 | N79: CII-11 | O79: CII-12 | P79: CII-13 | Q79: CII-14 | R79: CII-15 | S79: Flag
A80: =IF('1 Setup & Keys'!$A$32="","",'1 Setup & Keys'!$A$32) | B80: =IF('1 Setup & Keys'!$A$32="","",COUNTIFS('7 Screening'!$I$5:$I$204,1,'2 Import Main'!$B$5:$B$204,'1 Setup & Keys'!$A$32)) | C80: =IF(OR('1 Setup & Keys'!$A$32="",'1 Setup & Keys'!$B$32=""),"",IFERROR(B80/'1 Setup & Keys'!$B$32,"")) | D80: =IF('1 Setup & Keys'!$A$32="","",IFERROR(AVERAGEIFS('2 Import Main'!C5:C204,'7 Screening'!$I$5:$I$204,1,'2 Import Main'!$B$5:$B$204,'1 Setup & Keys'!$A$32),"")) | E80: =IF('1 Setup & Keys'!$A$32="","",IFERROR(AVERAGEIFS('2 Import Main'!D5:D204,'7 Screening'!$I$5:$I$204,1,'2 Import Main'!$B$5:$B$204,'1 Setup & Keys'!$A$32),"")) | F80: =IF('1 Setup & Keys'!$A$32="","",IFERROR(AVERAGEIFS('2 Import Main'!E5:E204,'7 Screening'!$I$5:$I$204,1,'2 Import Main'!$B$5:$B$204,'1 Setup & Keys'!$A$32),"")) | G80: =IF('1 Setup & Keys'!$A$32="","",IFERROR(AVERAGEIFS('2 Import Main'!F5:F204,'7 Screening'!$I$5:$I$204,1,'2 Import Main'!$B$5:$B$204,'1 Setup & Keys'!$A$32),"")) | H80: =IF('1 Setup & Keys'!$A$32="","",IFERROR(AVERAGEIFS('2 Import Main'!G5:G204,'7 Screening'!$I$5:$I$204,1,'2 Import Main'!$B$5:$B$204,'1 Setup & Keys'!$A$32),"")) | I80: =IF('1 Setup & Keys'!$A$32="","",IFERROR(AVERAGEIFS('2 Import Main'!H5:H204,'7 Screening'!$I$5:$I$204,1,'2 Import Main'!$B$5:$B$204,'1 Setup & Keys'!$A$32),"")) | J80: =IF('1 Setup & Keys'!$A$32="","",IFERROR(AVERAGEIFS('2 Import Main'!I5:I204,'7 Screening'!$I$5:$I$204,1,'2 Import Main'!$B$5:$B$204,'1 Setup & Keys'!$A$32),"")) | K80: =IF('1 Setup & Keys'!$A$32="","",IFERROR(AVERAGEIFS('2 Import Main'!J5:J204,'7 Screening'!$I$5:$I$204,1,'2 Import Main'!$B$5:$B$204,'1 Setup & Keys'!$A$32),"")) | ... R80: =IF('1 Setup & Keys'!$A$32="","",IFERROR(AVERAGEIFS('2 Import Main'!Q5:Q204,'7 Screening'!$I$5:$I$204,1,'2 Import Main'!$B$5:$B$204,'1 Setup & Keys'!$A$32),"")) | S80: =IF('1 Setup & Keys'!$A$32="","",IF(OR(B80<Reference!$B$11,IF(C80="",FALSE(),C80<Reference!$B$10)),"LOW",""))
A81: =IF('1 Setup & Keys'!$A$33="","",'1 Setup & Keys'!$A$33) | B81: =IF('1 Setup & Keys'!$A$33="","",COUNTIFS('7 Screening'!$I$5:$I$204,1,'2 Import Main'!$B$5:$B$204,'1 Setup & Keys'!$A$33)) | C81: =IF(OR('1 Setup & Keys'!$A$33="",'1 Setup & Keys'!$B$33=""),"",IFERROR(B81/'1 Setup & Keys'!$B$33,"")) | D81: =IF('1 Setup & Keys'!$A$33="","",IFERROR(AVERAGEIFS('2 Import Main'!C5:C204,'7 Screening'!$I$5:$I$204,1,'2 Import Main'!$B$5:$B$204,'1 Setup & Keys'!$A$33),"")) | E81: =IF('1 Setup & Keys'!$A$33="","",IFERROR(AVERAGEIFS('2 Import Main'!D5:D204,'7 Screening'!$I$5:$I$204,1,'2 Import Main'!$B$5:$B$204,'1 Setup & Keys'!$A$33),"")) | F81: =IF('1 Setup & Keys'!$A$33="","",IFERROR(AVERAGEIFS('2 Import Main'!E5:E204,'7 Screening'!$I$5:$I$204,1,'2 Import Main'!$B$5:$B$204,'1 Setup & Keys'!$A$33),"")) | G81: =IF('1 Setup & Keys'!$A$33="","",IFERROR(AVERAGEIFS('2 Import Main'!F5:F204,'7 Screening'!$I$5:$I$204,1,'2 Import Main'!$B$5:$B$204,'1 Setup & Keys'!$A$33),"")) | H81: =IF('1 Setup & Keys'!$A$33="","",IFERROR(AVERAGEIFS('2 Import Main'!G5:G204,'7 Screening'!$I$5:$I$204,1,'2 Import Main'!$B$5:$B$204,'1 Setup & Keys'!$A$33),"")) | I81: =IF('1 Setup & Keys'!$A$33="","",IFERROR(AVERAGEIFS('2 Import Main'!H5:H204,'7 Screening'!$I$5:$I$204,1,'2 Import Main'!$B$5:$B$204,'1 Setup & Keys'!$A$33),"")) | J81: =IF('1 Setup & Keys'!$A$33="","",IFERROR(AVERAGEIFS('2 Import Main'!I5:I204,'7 Screening'!$I$5:$I$204,1,'2 Import Main'!$B$5:$B$204,'1 Setup & Keys'!$A$33),"")) | K81: =IF('1 Setup & Keys'!$A$33="","",IFERROR(AVERAGEIFS('2 Import Main'!J5:J204,'7 Screening'!$I$5:$I$204,1,'2 Import Main'!$B$5:$B$204,'1 Setup & Keys'!$A$33),"")) | ... R81: =IF('1 Setup & Keys'!$A$33="","",IFERROR(AVERAGEIFS('2 Import Main'!Q5:Q204,'7 Screening'!$I$5:$I$204,1,'2 Import Main'!$B$5:$B$204,'1 Setup & Keys'!$A$33),"")) | S81: =IF('1 Setup & Keys'!$A$33="","",IF(OR(B81<Reference!$B$11,IF(C81="",FALSE(),C81<Reference!$B$10)),"LOW",""))
A82: =IF('1 Setup & Keys'!$A$34="","",'1 Setup & Keys'!$A$34) | B82: =IF('1 Setup & Keys'!$A$34="","",COUNTIFS('7 Screening'!$I$5:$I$204,1,'2 Import Main'!$B$5:$B$204,'1 Setup & Keys'!$A$34)) | C82: =IF(OR('1 Setup & Keys'!$A$34="",'1 Setup & Keys'!$B$34=""),"",IFERROR(B82/'1 Setup & Keys'!$B$34,"")) | D82: =IF('1 Setup & Keys'!$A$34="","",IFERROR(AVERAGEIFS('2 Import Main'!C5:C204,'7 Screening'!$I$5:$I$204,1,'2 Import Main'!$B$5:$B$204,'1 Setup & Keys'!$A$34),"")) | E82: =IF('1 Setup & Keys'!$A$34="","",IFERROR(AVERAGEIFS('2 Import Main'!D5:D204,'7 Screening'!$I$5:$I$204,1,'2 Import Main'!$B$5:$B$204,'1 Setup & Keys'!$A$34),"")) | F82: =IF('1 Setup & Keys'!$A$34="","",IFERROR(AVERAGEIFS('2 Import Main'!E5:E204,'7 Screening'!$I$5:$I$204,1,'2 Import Main'!$B$5:$B$204,'1 Setup & Keys'!$A$34),"")) | G82: =IF('1 Setup & Keys'!$A$34="","",IFERROR(AVERAGEIFS('2 Import Main'!F5:F204,'7 Screening'!$I$5:$I$204,1,'2 Import Main'!$B$5:$B$204,'1 Setup & Keys'!$A$34),"")) | H82: =IF('1 Setup & Keys'!$A$34="","",IFERROR(AVERAGEIFS('2 Import Main'!G5:G204,'7 Screening'!$I$5:$I$204,1,'2 Import Main'!$B$5:$B$204,'1 Setup & Keys'!$A$34),"")) | I82: =IF('1 Setup & Keys'!$A$34="","",IFERROR(AVERAGEIFS('2 Import Main'!H5:H204,'7 Screening'!$I$5:$I$204,1,'2 Import Main'!$B$5:$B$204,'1 Setup & Keys'!$A$34),"")) | J82: =IF('1 Setup & Keys'!$A$34="","",IFERROR(AVERAGEIFS('2 Import Main'!I5:I204,'7 Screening'!$I$5:$I$204,1,'2 Import Main'!$B$5:$B$204,'1 Setup & Keys'!$A$34),"")) | K82: =IF('1 Setup & Keys'!$A$34="","",IFERROR(AVERAGEIFS('2 Import Main'!J5:J204,'7 Screening'!$I$5:$I$204,1,'2 Import Main'!$B$5:$B$204,'1 Setup & Keys'!$A$34),"")) | ... R82: =IF('1 Setup & Keys'!$A$34="","",IFERROR(AVERAGEIFS('2 Import Main'!Q5:Q204,'7 Screening'!$I$5:$I$204,1,'2 Import Main'!$B$5:$B$204,'1 Setup & Keys'!$A$34),"")) | S82: =IF('1 Setup & Keys'!$A$34="","",IF(OR(B82<Reference!$B$11,IF(C82="",FALSE(),C82<Reference!$B$10)),"LOW",""))
A83: =IF('1 Setup & Keys'!$A$35="","",'1 Setup & Keys'!$A$35) | B83: =IF('1 Setup & Keys'!$A$35="","",COUNTIFS('7 Screening'!$I$5:$I$204,1,'2 Import Main'!$B$5:$B$204,'1 Setup & Keys'!$A$35)) | C83: =IF(OR('1 Setup & Keys'!$A$35="",'1 Setup & Keys'!$B$35=""),"",IFERROR(B83/'1 Setup & Keys'!$B$35,"")) | D83: =IF('1 Setup & Keys'!$A$35="","",IFERROR(AVERAGEIFS('2 Import Main'!C5:C204,'7 Screening'!$I$5:$I$204,1,'2 Import Main'!$B$5:$B$204,'1 Setup & Keys'!$A$35),"")) | E83: =IF('1 Setup & Keys'!$A$35="","",IFERROR(AVERAGEIFS('2 Import Main'!D5:D204,'7 Screening'!$I$5:$I$204,1,'2 Import Main'!$B$5:$B$204,'1 Setup & Keys'!$A$35),"")) | F83: =IF('1 Setup & Keys'!$A$35="","",IFERROR(AVERAGEIFS('2 Import Main'!E5:E204,'7 Screening'!$I$5:$I$204,1,'2 Import Main'!$B$5:$B$204,'1 Setup & Keys'!$A$35),"")) | G83: =IF('1 Setup & Keys'!$A$35="","",IFERROR(AVERAGEIFS('2 Import Main'!F5:F204,'7 Screening'!$I$5:$I$204,1,'2 Import Main'!$B$5:$B$204,'1 Setup & Keys'!$A$35),"")) | H83: =IF('1 Setup & Keys'!$A$35="","",IFERROR(AVERAGEIFS('2 Import Main'!G5:G204,'7 Screening'!$I$5:$I$204,1,'2 Import Main'!$B$5:$B$204,'1 Setup & Keys'!$A$35),"")) | I83: =IF('1 Setup & Keys'!$A$35="","",IFERROR(AVERAGEIFS('2 Import Main'!H5:H204,'7 Screening'!$I$5:$I$204,1,'2 Import Main'!$B$5:$B$204,'1 Setup & Keys'!$A$35),"")) | J83: =IF('1 Setup & Keys'!$A$35="","",IFERROR(AVERAGEIFS('2 Import Main'!I5:I204,'7 Screening'!$I$5:$I$204,1,'2 Import Main'!$B$5:$B$204,'1 Setup & Keys'!$A$35),"")) | K83: =IF('1 Setup & Keys'!$A$35="","",IFERROR(AVERAGEIFS('2 Import Main'!J5:J204,'7 Screening'!$I$5:$I$204,1,'2 Import Main'!$B$5:$B$204,'1 Setup & Keys'!$A$35),"")) | ... R83: =IF('1 Setup & Keys'!$A$35="","",IFERROR(AVERAGEIFS('2 Import Main'!Q5:Q204,'7 Screening'!$I$5:$I$204,1,'2 Import Main'!$B$5:$B$204,'1 Setup & Keys'!$A$35),"")) | S83: =IF('1 Setup & Keys'!$A$35="","",IF(OR(B83<Reference!$B$11,IF(C83="",FALSE(),C83<Reference!$B$10)),"LOW",""))
A84: =IF('1 Setup & Keys'!$A$36="","",'1 Setup & Keys'!$A$36) | B84: =IF('1 Setup & Keys'!$A$36="","",COUNTIFS('7 Screening'!$I$5:$I$204,1,'2 Import Main'!$B$5:$B$204,'1 Setup & Keys'!$A$36)) | C84: =IF(OR('1 Setup & Keys'!$A$36="",'1 Setup & Keys'!$B$36=""),"",IFERROR(B84/'1 Setup & Keys'!$B$36,"")) | D84: =IF('1 Setup & Keys'!$A$36="","",IFERROR(AVERAGEIFS('2 Import Main'!C5:C204,'7 Screening'!$I$5:$I$204,1,'2 Import Main'!$B$5:$B$204,'1 Setup & Keys'!$A$36),"")) | E84: =IF('1 Setup & Keys'!$A$36="","",IFERROR(AVERAGEIFS('2 Import Main'!D5:D204,'7 Screening'!$I$5:$I$204,1,'2 Import Main'!$B$5:$B$204,'1 Setup & Keys'!$A$36),"")) | F84: =IF('1 Setup & Keys'!$A$36="","",IFERROR(AVERAGEIFS('2 Import Main'!E5:E204,'7 Screening'!$I$5:$I$204,1,'2 Import Main'!$B$5:$B$204,'1 Setup & Keys'!$A$36),"")) | G84: =IF('1 Setup & Keys'!$A$36="","",IFERROR(AVERAGEIFS('2 Import Main'!F5:F204,'7 Screening'!$I$5:$I$204,1,'2 Import Main'!$B$5:$B$204,'1 Setup & Keys'!$A$36),"")) | H84: =IF('1 Setup & Keys'!$A$36="","",IFERROR(AVERAGEIFS('2 Import Main'!G5:G204,'7 Screening'!$I$5:$I$204,1,'2 Import Main'!$B$5:$B$204,'1 Setup & Keys'!$A$36),"")) | I84: =IF('1 Setup & Keys'!$A$36="","",IFERROR(AVERAGEIFS('2 Import Main'!H5:H204,'7 Screening'!$I$5:$I$204,1,'2 Import Main'!$B$5:$B$204,'1 Setup & Keys'!$A$36),"")) | J84: =IF('1 Setup & Keys'!$A$36="","",IFERROR(AVERAGEIFS('2 Import Main'!I5:I204,'7 Screening'!$I$5:$I$204,1,'2 Import Main'!$B$5:$B$204,'1 Setup & Keys'!$A$36),"")) | K84: =IF('1 Setup & Keys'!$A$36="","",IFERROR(AVERAGEIFS('2 Import Main'!J5:J204,'7 Screening'!$I$5:$I$204,1,'2 Import Main'!$B$5:$B$204,'1 Setup & Keys'!$A$36),"")) | ... R84: =IF('1 Setup & Keys'!$A$36="","",IFERROR(AVERAGEIFS('2 Import Main'!Q5:Q204,'7 Screening'!$I$5:$I$204,1,'2 Import Main'!$B$5:$B$204,'1 Setup & Keys'!$A$36),"")) | S84: =IF('1 Setup & Keys'!$A$36="","",IF(OR(B84<Reference!$B$11,IF(C84="",FALSE(),C84<Reference!$B$10)),"LOW",""))
A85: =IF('1 Setup & Keys'!$A$37="","",'1 Setup & Keys'!$A$37) | B85: =IF('1 Setup & Keys'!$A$37="","",COUNTIFS('7 Screening'!$I$5:$I$204,1,'2 Import Main'!$B$5:$B$204,'1 Setup & Keys'!$A$37)) | C85: =IF(OR('1 Setup & Keys'!$A$37="",'1 Setup & Keys'!$B$37=""),"",IFERROR(B85/'1 Setup & Keys'!$B$37,"")) | D85: =IF('1 Setup & Keys'!$A$37="","",IFERROR(AVERAGEIFS('2 Import Main'!C5:C204,'7 Screening'!$I$5:$I$204,1,'2 Import Main'!$B$5:$B$204,'1 Setup & Keys'!$A$37),"")) | E85: =IF('1 Setup & Keys'!$A$37="","",IFERROR(AVERAGEIFS('2 Import Main'!D5:D204,'7 Screening'!$I$5:$I$204,1,'2 Import Main'!$B$5:$B$204,'1 Setup & Keys'!$A$37),"")) | F85: =IF('1 Setup & Keys'!$A$37="","",IFERROR(AVERAGEIFS('2 Import Main'!E5:E204,'7 Screening'!$I$5:$I$204,1,'2 Import Main'!$B$5:$B$204,'1 Setup & Keys'!$A$37),"")) | G85: =IF('1 Setup & Keys'!$A$37="","",IFERROR(AVERAGEIFS('2 Import Main'!F5:F204,'7 Screening'!$I$5:$I$204,1,'2 Import Main'!$B$5:$B$204,'1 Setup & Keys'!$A$37),"")) | H85: =IF('1 Setup & Keys'!$A$37="","",IFERROR(AVERAGEIFS('2 Import Main'!G5:G204,'7 Screening'!$I$5:$I$204,1,'2 Import Main'!$B$5:$B$204,'1 Setup & Keys'!$A$37),"")) | I85: =IF('1 Setup & Keys'!$A$37="","",IFERROR(AVERAGEIFS('2 Import Main'!H5:H204,'7 Screening'!$I$5:$I$204,1,'2 Import Main'!$B$5:$B$204,'1 Setup & Keys'!$A$37),"")) | J85: =IF('1 Setup & Keys'!$A$37="","",IFERROR(AVERAGEIFS('2 Import Main'!I5:I204,'7 Screening'!$I$5:$I$204,1,'2 Import Main'!$B$5:$B$204,'1 Setup & Keys'!$A$37),"")) | K85: =IF('1 Setup & Keys'!$A$37="","",IFERROR(AVERAGEIFS('2 Import Main'!J5:J204,'7 Screening'!$I$5:$I$204,1,'2 Import Main'!$B$5:$B$204,'1 Setup & Keys'!$A$37),"")) | ... R85: =IF('1 Setup & Keys'!$A$37="","",IFERROR(AVERAGEIFS('2 Import Main'!Q5:Q204,'7 Screening'!$I$5:$I$204,1,'2 Import Main'!$B$5:$B$204,'1 Setup & Keys'!$A$37),"")) | S85: =IF('1 Setup & Keys'!$A$37="","",IF(OR(B85<Reference!$B$11,IF(C85="",FALSE(),C85<Reference!$B$10)),"LOW",""))
A86: =IF('1 Setup & Keys'!$A$38="","",'1 Setup & Keys'!$A$38) | B86: =IF('1 Setup & Keys'!$A$38="","",COUNTIFS('7 Screening'!$I$5:$I$204,1,'2 Import Main'!$B$5:$B$204,'1 Setup & Keys'!$A$38)) | C86: =IF(OR('1 Setup & Keys'!$A$38="",'1 Setup & Keys'!$B$38=""),"",IFERROR(B86/'1 Setup & Keys'!$B$38,"")) | D86: =IF('1 Setup & Keys'!$A$38="","",IFERROR(AVERAGEIFS('2 Import Main'!C5:C204,'7 Screening'!$I$5:$I$204,1,'2 Import Main'!$B$5:$B$204,'1 Setup & Keys'!$A$38),"")) | E86: =IF('1 Setup & Keys'!$A$38="","",IFERROR(AVERAGEIFS('2 Import Main'!D5:D204,'7 Screening'!$I$5:$I$204,1,'2 Import Main'!$B$5:$B$204,'1 Setup & Keys'!$A$38),"")) | F86: =IF('1 Setup & Keys'!$A$38="","",IFERROR(AVERAGEIFS('2 Import Main'!E5:E204,'7 Screening'!$I$5:$I$204,1,'2 Import Main'!$B$5:$B$204,'1 Setup & Keys'!$A$38),"")) | G86: =IF('1 Setup & Keys'!$A$38="","",IFERROR(AVERAGEIFS('2 Import Main'!F5:F204,'7 Screening'!$I$5:$I$204,1,'2 Import Main'!$B$5:$B$204,'1 Setup & Keys'!$A$38),"")) | H86: =IF('1 Setup & Keys'!$A$38="","",IFERROR(AVERAGEIFS('2 Import Main'!G5:G204,'7 Screening'!$I$5:$I$204,1,'2 Import Main'!$B$5:$B$204,'1 Setup & Keys'!$A$38),"")) | I86: =IF('1 Setup & Keys'!$A$38="","",IFERROR(AVERAGEIFS('2 Import Main'!H5:H204,'7 Screening'!$I$5:$I$204,1,'2 Import Main'!$B$5:$B$204,'1 Setup & Keys'!$A$38),"")) | J86: =IF('1 Setup & Keys'!$A$38="","",IFERROR(AVERAGEIFS('2 Import Main'!I5:I204,'7 Screening'!$I$5:$I$204,1,'2 Import Main'!$B$5:$B$204,'1 Setup & Keys'!$A$38),"")) | K86: =IF('1 Setup & Keys'!$A$38="","",IFERROR(AVERAGEIFS('2 Import Main'!J5:J204,'7 Screening'!$I$5:$I$204,1,'2 Import Main'!$B$5:$B$204,'1 Setup & Keys'!$A$38),"")) | ... R86: =IF('1 Setup & Keys'!$A$38="","",IFERROR(AVERAGEIFS('2 Import Main'!Q5:Q204,'7 Screening'!$I$5:$I$204,1,'2 Import Main'!$B$5:$B$204,'1 Setup & Keys'!$A$38),"")) | S86: =IF('1 Setup & Keys'!$A$38="","",IF(OR(B86<Reference!$B$11,IF(C86="",FALSE(),C86<Reference!$B$10)),"LOW",""))
A87: =IF('1 Setup & Keys'!$A$39="","",'1 Setup & Keys'!$A$39) | B87: =IF('1 Setup & Keys'!$A$39="","",COUNTIFS('7 Screening'!$I$5:$I$204,1,'2 Import Main'!$B$5:$B$204,'1 Setup & Keys'!$A$39)) | C87: =IF(OR('1 Setup & Keys'!$A$39="",'1 Setup & Keys'!$B$39=""),"",IFERROR(B87/'1 Setup & Keys'!$B$39,"")) | D87: =IF('1 Setup & Keys'!$A$39="","",IFERROR(AVERAGEIFS('2 Import Main'!C5:C204,'7 Screening'!$I$5:$I$204,1,'2 Import Main'!$B$5:$B$204,'1 Setup & Keys'!$A$39),"")) | E87: =IF('1 Setup & Keys'!$A$39="","",IFERROR(AVERAGEIFS('2 Import Main'!D5:D204,'7 Screening'!$I$5:$I$204,1,'2 Import Main'!$B$5:$B$204,'1 Setup & Keys'!$A$39),"")) | F87: =IF('1 Setup & Keys'!$A$39="","",IFERROR(AVERAGEIFS('2 Import Main'!E5:E204,'7 Screening'!$I$5:$I$204,1,'2 Import Main'!$B$5:$B$204,'1 Setup & Keys'!$A$39),"")) | G87: =IF('1 Setup & Keys'!$A$39="","",IFERROR(AVERAGEIFS('2 Import Main'!F5:F204,'7 Screening'!$I$5:$I$204,1,'2 Import Main'!$B$5:$B$204,'1 Setup & Keys'!$A$39),"")) | H87: =IF('1 Setup & Keys'!$A$39="","",IFERROR(AVERAGEIFS('2 Import Main'!G5:G204,'7 Screening'!$I$5:$I$204,1,'2 Import Main'!$B$5:$B$204,'1 Setup & Keys'!$A$39),"")) | I87: =IF('1 Setup & Keys'!$A$39="","",IFERROR(AVERAGEIFS('2 Import Main'!H5:H204,'7 Screening'!$I$5:$I$204,1,'2 Import Main'!$B$5:$B$204,'1 Setup & Keys'!$A$39),"")) | J87: =IF('1 Setup & Keys'!$A$39="","",IFERROR(AVERAGEIFS('2 Import Main'!I5:I204,'7 Screening'!$I$5:$I$204,1,'2 Import Main'!$B$5:$B$204,'1 Setup & Keys'!$A$39),"")) | K87: =IF('1 Setup & Keys'!$A$39="","",IFERROR(AVERAGEIFS('2 Import Main'!J5:J204,'7 Screening'!$I$5:$I$204,1,'2 Import Main'!$B$5:$B$204,'1 Setup & Keys'!$A$39),"")) | ... R87: =IF('1 Setup & Keys'!$A$39="","",IFERROR(AVERAGEIFS('2 Import Main'!Q5:Q204,'7 Screening'!$I$5:$I$204,1,'2 Import Main'!$B$5:$B$204,'1 Setup & Keys'!$A$39),"")) | S87: =IF('1 Setup & Keys'!$A$39="","",IF(OR(B87<Reference!$B$11,IF(C87="",FALSE(),C87<Reference!$B$10)),"LOW",""))
A88: =IF('1 Setup & Keys'!$A$40="","",'1 Setup & Keys'!$A$40) | B88: =IF('1 Setup & Keys'!$A$40="","",COUNTIFS('7 Screening'!$I$5:$I$204,1,'2 Import Main'!$B$5:$B$204,'1 Setup & Keys'!$A$40)) | C88: =IF(OR('1 Setup & Keys'!$A$40="",'1 Setup & Keys'!$B$40=""),"",IFERROR(B88/'1 Setup & Keys'!$B$40,"")) | D88: =IF('1 Setup & Keys'!$A$40="","",IFERROR(AVERAGEIFS('2 Import Main'!C5:C204,'7 Screening'!$I$5:$I$204,1,'2 Import Main'!$B$5:$B$204,'1 Setup & Keys'!$A$40),"")) | E88: =IF('1 Setup & Keys'!$A$40="","",IFERROR(AVERAGEIFS('2 Import Main'!D5:D204,'7 Screening'!$I$5:$I$204,1,'2 Import Main'!$B$5:$B$204,'1 Setup & Keys'!$A$40),"")) | F88: =IF('1 Setup & Keys'!$A$40="","",IFERROR(AVERAGEIFS('2 Import Main'!E5:E204,'7 Screening'!$I$5:$I$204,1,'2 Import Main'!$B$5:$B$204,'1 Setup & Keys'!$A$40),"")) | G88: =IF('1 Setup & Keys'!$A$40="","",IFERROR(AVERAGEIFS('2 Import Main'!F5:F204,'7 Screening'!$I$5:$I$204,1,'2 Import Main'!$B$5:$B$204,'1 Setup & Keys'!$A$40),"")) | H88: =IF('1 Setup & Keys'!$A$40="","",IFERROR(AVERAGEIFS('2 Import Main'!G5:G204,'7 Screening'!$I$5:$I$204,1,'2 Import Main'!$B$5:$B$204,'1 Setup & Keys'!$A$40),"")) | I88: =IF('1 Setup & Keys'!$A$40="","",IFERROR(AVERAGEIFS('2 Import Main'!H5:H204,'7 Screening'!$I$5:$I$204,1,'2 Import Main'!$B$5:$B$204,'1 Setup & Keys'!$A$40),"")) | J88: =IF('1 Setup & Keys'!$A$40="","",IFERROR(AVERAGEIFS('2 Import Main'!I5:I204,'7 Screening'!$I$5:$I$204,1,'2 Import Main'!$B$5:$B$204,'1 Setup & Keys'!$A$40),"")) | K88: =IF('1 Setup & Keys'!$A$40="","",IFERROR(AVERAGEIFS('2 Import Main'!J5:J204,'7 Screening'!$I$5:$I$204,1,'2 Import Main'!$B$5:$B$204,'1 Setup & Keys'!$A$40),"")) | ... R88: =IF('1 Setup & Keys'!$A$40="","",IFERROR(AVERAGEIFS('2 Import Main'!Q5:Q204,'7 Screening'!$I$5:$I$204,1,'2 Import Main'!$B$5:$B$204,'1 Setup & Keys'!$A$40),"")) | S88: =IF('1 Setup & Keys'!$A$40="","",IF(OR(B88<Reference!$B$11,IF(C88="",FALSE(),C88<Reference!$B$10)),"LOW",""))
A89: =IF('1 Setup & Keys'!$A$41="","",'1 Setup & Keys'!$A$41) | B89: =IF('1 Setup & Keys'!$A$41="","",COUNTIFS('7 Screening'!$I$5:$I$204,1,'2 Import Main'!$B$5:$B$204,'1 Setup & Keys'!$A$41)) | C89: =IF(OR('1 Setup & Keys'!$A$41="",'1 Setup & Keys'!$B$41=""),"",IFERROR(B89/'1 Setup & Keys'!$B$41,"")) | D89: =IF('1 Setup & Keys'!$A$41="","",IFERROR(AVERAGEIFS('2 Import Main'!C5:C204,'7 Screening'!$I$5:$I$204,1,'2 Import Main'!$B$5:$B$204,'1 Setup & Keys'!$A$41),"")) | E89: =IF('1 Setup & Keys'!$A$41="","",IFERROR(AVERAGEIFS('2 Import Main'!D5:D204,'7 Screening'!$I$5:$I$204,1,'2 Import Main'!$B$5:$B$204,'1 Setup & Keys'!$A$41),"")) | F89: =IF('1 Setup & Keys'!$A$41="","",IFERROR(AVERAGEIFS('2 Import Main'!E5:E204,'7 Screening'!$I$5:$I$204,1,'2 Import Main'!$B$5:$B$204,'1 Setup & Keys'!$A$41),"")) | G89: =IF('1 Setup & Keys'!$A$41="","",IFERROR(AVERAGEIFS('2 Import Main'!F5:F204,'7 Screening'!$I$5:$I$204,1,'2 Import Main'!$B$5:$B$204,'1 Setup & Keys'!$A$41),"")) | H89: =IF('1 Setup & Keys'!$A$41="","",IFERROR(AVERAGEIFS('2 Import Main'!G5:G204,'7 Screening'!$I$5:$I$204,1,'2 Import Main'!$B$5:$B$204,'1 Setup & Keys'!$A$41),"")) | I89: =IF('1 Setup & Keys'!$A$41="","",IFERROR(AVERAGEIFS('2 Import Main'!H5:H204,'7 Screening'!$I$5:$I$204,1,'2 Import Main'!$B$5:$B$204,'1 Setup & Keys'!$A$41),"")) | J89: =IF('1 Setup & Keys'!$A$41="","",IFERROR(AVERAGEIFS('2 Import Main'!I5:I204,'7 Screening'!$I$5:$I$204,1,'2 Import Main'!$B$5:$B$204,'1 Setup & Keys'!$A$41),"")) | K89: =IF('1 Setup & Keys'!$A$41="","",IFERROR(AVERAGEIFS('2 Import Main'!J5:J204,'7 Screening'!$I$5:$I$204,1,'2 Import Main'!$B$5:$B$204,'1 Setup & Keys'!$A$41),"")) | ... R89: =IF('1 Setup & Keys'!$A$41="","",IFERROR(AVERAGEIFS('2 Import Main'!Q5:Q204,'7 Screening'!$I$5:$I$204,1,'2 Import Main'!$B$5:$B$204,'1 Setup & Keys'!$A$41),"")) | S89: =IF('1 Setup & Keys'!$A$41="","",IF(OR(B89<Reference!$B$11,IF(C89="",FALSE(),C89<Reference!$B$10)),"LOW",""))
A92: O5 per-team (leadership enablement) — (team OI5 mean - 1) x 25; FTE-weighted to unit O5 in the Diagnostic Workbook
A93: OI5 has no reverse items. Per-team score and FTE paste into the Diagnostic Workbook O5 tab, which FTE-weights them to unit O5.
A94: Team | B94: FTE | C94: Valid n | D94: Rate | E94: OI5-01 | F94: OI5-02 | G94: OI5-03 | H94: O5 score | I94: Flag
A95: =IF('1 Setup & Keys'!$A$32="","",'1 Setup & Keys'!$A$32) | B95: =IF('1 Setup & Keys'!$A$32="","",'1 Setup & Keys'!$B$32) | C95: =IF('1 Setup & Keys'!$A$32="","",COUNTIFS('7 Screening'!$I$5:$I$204,1,'2 Import Main'!$B$5:$B$204,'1 Setup & Keys'!$A$32)) | D95: =IF(OR('1 Setup & Keys'!$A$32="",'1 Setup & Keys'!$B$32=""),"",IFERROR(C95/'1 Setup & Keys'!$B$32,"")) | E95: =IF('1 Setup & Keys'!$A$32="","",IFERROR(AVERAGEIFS('2 Import Main'!BK5:BK204,'7 Screening'!$I$5:$I$204,1,'2 Import Main'!$B$5:$B$204,'1 Setup & Keys'!$A$32),"")) | F95: =IF('1 Setup & Keys'!$A$32="","",IFERROR(AVERAGEIFS('2 Import Main'!BL5:BL204,'7 Screening'!$I$5:$I$204,1,'2 Import Main'!$B$5:$B$204,'1 Setup & Keys'!$A$32),"")) | G95: =IF('1 Setup & Keys'!$A$32="","",IFERROR(AVERAGEIFS('2 Import Main'!BM5:BM204,'7 Screening'!$I$5:$I$204,1,'2 Import Main'!$B$5:$B$204,'1 Setup & Keys'!$A$32),"")) | H95: =IF('1 Setup & Keys'!$A$32="","",IFERROR((AVERAGE(E95:G95)-1)*25,"")) | I95: =IF('1 Setup & Keys'!$A$32="","",IF(C95<Reference!$B$11,"LOW",""))
A96: =IF('1 Setup & Keys'!$A$33="","",'1 Setup & Keys'!$A$33) | B96: =IF('1 Setup & Keys'!$A$33="","",'1 Setup & Keys'!$B$33) | C96: =IF('1 Setup & Keys'!$A$33="","",COUNTIFS('7 Screening'!$I$5:$I$204,1,'2 Import Main'!$B$5:$B$204,'1 Setup & Keys'!$A$33)) | D96: =IF(OR('1 Setup & Keys'!$A$33="",'1 Setup & Keys'!$B$33=""),"",IFERROR(C96/'1 Setup & Keys'!$B$33,"")) | E96: =IF('1 Setup & Keys'!$A$33="","",IFERROR(AVERAGEIFS('2 Import Main'!BK5:BK204,'7 Screening'!$I$5:$I$204,1,'2 Import Main'!$B$5:$B$204,'1 Setup & Keys'!$A$33),"")) | F96: =IF('1 Setup & Keys'!$A$33="","",IFERROR(AVERAGEIFS('2 Import Main'!BL5:BL204,'7 Screening'!$I$5:$I$204,1,'2 Import Main'!$B$5:$B$204,'1 Setup & Keys'!$A$33),"")) | G96: =IF('1 Setup & Keys'!$A$33="","",IFERROR(AVERAGEIFS('2 Import Main'!BM5:BM204,'7 Screening'!$I$5:$I$204,1,'2 Import Main'!$B$5:$B$204,'1 Setup & Keys'!$A$33),"")) | H96: =IF('1 Setup & Keys'!$A$33="","",IFERROR((AVERAGE(E96:G96)-1)*25,"")) | I96: =IF('1 Setup & Keys'!$A$33="","",IF(C96<Reference!$B$11,"LOW",""))
A97: =IF('1 Setup & Keys'!$A$34="","",'1 Setup & Keys'!$A$34) | B97: =IF('1 Setup & Keys'!$A$34="","",'1 Setup & Keys'!$B$34) | C97: =IF('1 Setup & Keys'!$A$34="","",COUNTIFS('7 Screening'!$I$5:$I$204,1,'2 Import Main'!$B$5:$B$204,'1 Setup & Keys'!$A$34)) | D97: =IF(OR('1 Setup & Keys'!$A$34="",'1 Setup & Keys'!$B$34=""),"",IFERROR(C97/'1 Setup & Keys'!$B$34,"")) | E97: =IF('1 Setup & Keys'!$A$34="","",IFERROR(AVERAGEIFS('2 Import Main'!BK5:BK204,'7 Screening'!$I$5:$I$204,1,'2 Import Main'!$B$5:$B$204,'1 Setup & Keys'!$A$34),"")) | F97: =IF('1 Setup & Keys'!$A$34="","",IFERROR(AVERAGEIFS('2 Import Main'!BL5:BL204,'7 Screening'!$I$5:$I$204,1,'2 Import Main'!$B$5:$B$204,'1 Setup & Keys'!$A$34),"")) | G97: =IF('1 Setup & Keys'!$A$34="","",IFERROR(AVERAGEIFS('2 Import Main'!BM5:BM204,'7 Screening'!$I$5:$I$204,1,'2 Import Main'!$B$5:$B$204,'1 Setup & Keys'!$A$34),"")) | H97: =IF('1 Setup & Keys'!$A$34="","",IFERROR((AVERAGE(E97:G97)-1)*25,"")) | I97: =IF('1 Setup & Keys'!$A$34="","",IF(C97<Reference!$B$11,"LOW",""))
A98: =IF('1 Setup & Keys'!$A$35="","",'1 Setup & Keys'!$A$35) | B98: =IF('1 Setup & Keys'!$A$35="","",'1 Setup & Keys'!$B$35) | C98: =IF('1 Setup & Keys'!$A$35="","",COUNTIFS('7 Screening'!$I$5:$I$204,1,'2 Import Main'!$B$5:$B$204,'1 Setup & Keys'!$A$35)) | D98: =IF(OR('1 Setup & Keys'!$A$35="",'1 Setup & Keys'!$B$35=""),"",IFERROR(C98/'1 Setup & Keys'!$B$35,"")) | E98: =IF('1 Setup & Keys'!$A$35="","",IFERROR(AVERAGEIFS('2 Import Main'!BK5:BK204,'7 Screening'!$I$5:$I$204,1,'2 Import Main'!$B$5:$B$204,'1 Setup & Keys'!$A$35),"")) | F98: =IF('1 Setup & Keys'!$A$35="","",IFERROR(AVERAGEIFS('2 Import Main'!BL5:BL204,'7 Screening'!$I$5:$I$204,1,'2 Import Main'!$B$5:$B$204,'1 Setup & Keys'!$A$35),"")) | G98: =IF('1 Setup & Keys'!$A$35="","",IFERROR(AVERAGEIFS('2 Import Main'!BM5:BM204,'7 Screening'!$I$5:$I$204,1,'2 Import Main'!$B$5:$B$204,'1 Setup & Keys'!$A$35),"")) | H98: =IF('1 Setup & Keys'!$A$35="","",IFERROR((AVERAGE(E98:G98)-1)*25,"")) | I98: =IF('1 Setup & Keys'!$A$35="","",IF(C98<Reference!$B$11,"LOW",""))
A99: =IF('1 Setup & Keys'!$A$36="","",'1 Setup & Keys'!$A$36) | B99: =IF('1 Setup & Keys'!$A$36="","",'1 Setup & Keys'!$B$36) | C99: =IF('1 Setup & Keys'!$A$36="","",COUNTIFS('7 Screening'!$I$5:$I$204,1,'2 Import Main'!$B$5:$B$204,'1 Setup & Keys'!$A$36)) | D99: =IF(OR('1 Setup & Keys'!$A$36="",'1 Setup & Keys'!$B$36=""),"",IFERROR(C99/'1 Setup & Keys'!$B$36,"")) | E99: =IF('1 Setup & Keys'!$A$36="","",IFERROR(AVERAGEIFS('2 Import Main'!BK5:BK204,'7 Screening'!$I$5:$I$204,1,'2 Import Main'!$B$5:$B$204,'1 Setup & Keys'!$A$36),"")) | F99: =IF('1 Setup & Keys'!$A$36="","",IFERROR(AVERAGEIFS('2 Import Main'!BL5:BL204,'7 Screening'!$I$5:$I$204,1,'2 Import Main'!$B$5:$B$204,'1 Setup & Keys'!$A$36),"")) | G99: =IF('1 Setup & Keys'!$A$36="","",IFERROR(AVERAGEIFS('2 Import Main'!BM5:BM204,'7 Screening'!$I$5:$I$204,1,'2 Import Main'!$B$5:$B$204,'1 Setup & Keys'!$A$36),"")) | H99: =IF('1 Setup & Keys'!$A$36="","",IFERROR((AVERAGE(E99:G99)-1)*25,"")) | I99: =IF('1 Setup & Keys'!$A$36="","",IF(C99<Reference!$B$11,"LOW",""))
A100: =IF('1 Setup & Keys'!$A$37="","",'1 Setup & Keys'!$A$37) | B100: =IF('1 Setup & Keys'!$A$37="","",'1 Setup & Keys'!$B$37) | C100: =IF('1 Setup & Keys'!$A$37="","",COUNTIFS('7 Screening'!$I$5:$I$204,1,'2 Import Main'!$B$5:$B$204,'1 Setup & Keys'!$A$37)) | D100: =IF(OR('1 Setup & Keys'!$A$37="",'1 Setup & Keys'!$B$37=""),"",IFERROR(C100/'1 Setup & Keys'!$B$37,"")) | E100: =IF('1 Setup & Keys'!$A$37="","",IFERROR(AVERAGEIFS('2 Import Main'!BK5:BK204,'7 Screening'!$I$5:$I$204,1,'2 Import Main'!$B$5:$B$204,'1 Setup & Keys'!$A$37),"")) | F100: =IF('1 Setup & Keys'!$A$37="","",IFERROR(AVERAGEIFS('2 Import Main'!BL5:BL204,'7 Screening'!$I$5:$I$204,1,'2 Import Main'!$B$5:$B$204,'1 Setup & Keys'!$A$37),"")) | G100: =IF('1 Setup & Keys'!$A$37="","",IFERROR(AVERAGEIFS('2 Import Main'!BM5:BM204,'7 Screening'!$I$5:$I$204,1,'2 Import Main'!$B$5:$B$204,'1 Setup & Keys'!$A$37),"")) | H100: =IF('1 Setup & Keys'!$A$37="","",IFERROR((AVERAGE(E100:G100)-1)*25,"")) | I100: =IF('1 Setup & Keys'!$A$37="","",IF(C100<Reference!$B$11,"LOW",""))
A101: =IF('1 Setup & Keys'!$A$38="","",'1 Setup & Keys'!$A$38) | B101: =IF('1 Setup & Keys'!$A$38="","",'1 Setup & Keys'!$B$38) | C101: =IF('1 Setup & Keys'!$A$38="","",COUNTIFS('7 Screening'!$I$5:$I$204,1,'2 Import Main'!$B$5:$B$204,'1 Setup & Keys'!$A$38)) | D101: =IF(OR('1 Setup & Keys'!$A$38="",'1 Setup & Keys'!$B$38=""),"",IFERROR(C101/'1 Setup & Keys'!$B$38,"")) | E101: =IF('1 Setup & Keys'!$A$38="","",IFERROR(AVERAGEIFS('2 Import Main'!BK5:BK204,'7 Screening'!$I$5:$I$204,1,'2 Import Main'!$B$5:$B$204,'1 Setup & Keys'!$A$38),"")) | F101: =IF('1 Setup & Keys'!$A$38="","",IFERROR(AVERAGEIFS('2 Import Main'!BL5:BL204,'7 Screening'!$I$5:$I$204,1,'2 Import Main'!$B$5:$B$204,'1 Setup & Keys'!$A$38),"")) | G101: =IF('1 Setup & Keys'!$A$38="","",IFERROR(AVERAGEIFS('2 Import Main'!BM5:BM204,'7 Screening'!$I$5:$I$204,1,'2 Import Main'!$B$5:$B$204,'1 Setup & Keys'!$A$38),"")) | H101: =IF('1 Setup & Keys'!$A$38="","",IFERROR((AVERAGE(E101:G101)-1)*25,"")) | I101: =IF('1 Setup & Keys'!$A$38="","",IF(C101<Reference!$B$11,"LOW",""))
A102: =IF('1 Setup & Keys'!$A$39="","",'1 Setup & Keys'!$A$39) | B102: =IF('1 Setup & Keys'!$A$39="","",'1 Setup & Keys'!$B$39) | C102: =IF('1 Setup & Keys'!$A$39="","",COUNTIFS('7 Screening'!$I$5:$I$204,1,'2 Import Main'!$B$5:$B$204,'1 Setup & Keys'!$A$39)) | D102: =IF(OR('1 Setup & Keys'!$A$39="",'1 Setup & Keys'!$B$39=""),"",IFERROR(C102/'1 Setup & Keys'!$B$39,"")) | E102: =IF('1 Setup & Keys'!$A$39="","",IFERROR(AVERAGEIFS('2 Import Main'!BK5:BK204,'7 Screening'!$I$5:$I$204,1,'2 Import Main'!$B$5:$B$204,'1 Setup & Keys'!$A$39),"")) | F102: =IF('1 Setup & Keys'!$A$39="","",IFERROR(AVERAGEIFS('2 Import Main'!BL5:BL204,'7 Screening'!$I$5:$I$204,1,'2 Import Main'!$B$5:$B$204,'1 Setup & Keys'!$A$39),"")) | G102: =IF('1 Setup & Keys'!$A$39="","",IFERROR(AVERAGEIFS('2 Import Main'!BM5:BM204,'7 Screening'!$I$5:$I$204,1,'2 Import Main'!$B$5:$B$204,'1 Setup & Keys'!$A$39),"")) | H102: =IF('1 Setup & Keys'!$A$39="","",IFERROR((AVERAGE(E102:G102)-1)*25,"")) | I102: =IF('1 Setup & Keys'!$A$39="","",IF(C102<Reference!$B$11,"LOW",""))
A103: =IF('1 Setup & Keys'!$A$40="","",'1 Setup & Keys'!$A$40) | B103: =IF('1 Setup & Keys'!$A$40="","",'1 Setup & Keys'!$B$40) | C103: =IF('1 Setup & Keys'!$A$40="","",COUNTIFS('7 Screening'!$I$5:$I$204,1,'2 Import Main'!$B$5:$B$204,'1 Setup & Keys'!$A$40)) | D103: =IF(OR('1 Setup & Keys'!$A$40="",'1 Setup & Keys'!$B$40=""),"",IFERROR(C103/'1 Setup & Keys'!$B$40,"")) | E103: =IF('1 Setup & Keys'!$A$40="","",IFERROR(AVERAGEIFS('2 Import Main'!BK5:BK204,'7 Screening'!$I$5:$I$204,1,'2 Import Main'!$B$5:$B$204,'1 Setup & Keys'!$A$40),"")) | F103: =IF('1 Setup & Keys'!$A$40="","",IFERROR(AVERAGEIFS('2 Import Main'!BL5:BL204,'7 Screening'!$I$5:$I$204,1,'2 Import Main'!$B$5:$B$204,'1 Setup & Keys'!$A$40),"")) | G103: =IF('1 Setup & Keys'!$A$40="","",IFERROR(AVERAGEIFS('2 Import Main'!BM5:BM204,'7 Screening'!$I$5:$I$204,1,'2 Import Main'!$B$5:$B$204,'1 Setup & Keys'!$A$40),"")) | H103: =IF('1 Setup & Keys'!$A$40="","",IFERROR((AVERAGE(E103:G103)-1)*25,"")) | I103: =IF('1 Setup & Keys'!$A$40="","",IF(C103<Reference!$B$11,"LOW",""))
A104: =IF('1 Setup & Keys'!$A$41="","",'1 Setup & Keys'!$A$41) | B104: =IF('1 Setup & Keys'!$A$41="","",'1 Setup & Keys'!$B$41) | C104: =IF('1 Setup & Keys'!$A$41="","",COUNTIFS('7 Screening'!$I$5:$I$204,1,'2 Import Main'!$B$5:$B$204,'1 Setup & Keys'!$A$41)) | D104: =IF(OR('1 Setup & Keys'!$A$41="",'1 Setup & Keys'!$B$41=""),"",IFERROR(C104/'1 Setup & Keys'!$B$41,"")) | E104: =IF('1 Setup & Keys'!$A$41="","",IFERROR(AVERAGEIFS('2 Import Main'!BK5:BK204,'7 Screening'!$I$5:$I$204,1,'2 Import Main'!$B$5:$B$204,'1 Setup & Keys'!$A$41),"")) | F104: =IF('1 Setup & Keys'!$A$41="","",IFERROR(AVERAGEIFS('2 Import Main'!BL5:BL204,'7 Screening'!$I$5:$I$204,1,'2 Import Main'!$B$5:$B$204,'1 Setup & Keys'!$A$41),"")) | G104: =IF('1 Setup & Keys'!$A$41="","",IFERROR(AVERAGEIFS('2 Import Main'!BM5:BM204,'7 Screening'!$I$5:$I$204,1,'2 Import Main'!$B$5:$B$204,'1 Setup & Keys'!$A$41),"")) | H104: =IF('1 Setup & Keys'!$A$41="","",IFERROR((AVERAGE(E104:G104)-1)*25,"")) | I104: =IF('1 Setup & Keys'!$A$41="","",IF(C104<Reference!$B$11,"LOW",""))

Sheet 9 Type C Scoring
A1: Type C Module Scoring (finished 0-100 unless noted)
A2: Bespoke module rules (Tier 3 Module Library). House convention (mean-1)x25. Reverse items flipped HERE because these are finished scores, not Type A means.
A4: 6.1 M-O1-LT — Decision Rights (leadership)
A5: Decision type | B5: n | C5: agreeR | D5: agreeA | E5: agreeP | F5: agreeI | G5: agreeD | H5: Dec. agree
A6: =IF('1 Setup & Keys'!$D$32="","",'1 Setup & Keys'!$D$32) | B6: =IF('1 Setup & Keys'!$D$32="","",COUNTIFS('4 Import Leadership'!$B$5:$B$154,'1 Setup & Keys'!$D$32)) | C6: =IF(OR('1 Setup & Keys'!$D$32="",$B6=0),"",IFERROR(SUMPRODUCT(MAX(('4 Import Leadership'!$B$5:$B$154='1 Setup & Keys'!$D$32)*N('4 Import Leadership'!$I$5:$I$154)))/$B6,"")) | D6: =IF(OR('1 Setup & Keys'!$D$32="",$B6=0),"",IFERROR(SUMPRODUCT(MAX(('4 Import Leadership'!$B$5:$B$154='1 Setup & Keys'!$D$32)*N('4 Import Leadership'!$J$5:$J$154)))/$B6,"")) | E6: =IF(OR('1 Setup & Keys'!$D$32="",$B6=0),"",IFERROR(SUMPRODUCT(MAX(('4 Import Leadership'!$B$5:$B$154='1 Setup & Keys'!$D$32)*N('4 Import Leadership'!$K$5:$K$154)))/$B6,"")) | F6: =IF(OR('1 Setup & Keys'!$D$32="",$B6=0),"",IFERROR(SUMPRODUCT(MAX(('4 Import Leadership'!$B$5:$B$154='1 Setup & Keys'!$D$32)*N('4 Import Leadership'!$L$5:$L$154)))/$B6,"")) | G6: =IF(OR('1 Setup & Keys'!$D$32="",$B6=0),"",IFERROR(SUMPRODUCT(MAX(('4 Import Leadership'!$B$5:$B$154='1 Setup & Keys'!$D$32)*N('4 Import Leadership'!$M$5:$M$154)))/$B6,"")) | H6: =IF('1 Setup & Keys'!$D$32="","",IFERROR(AVERAGE(C6:G6),""))
A7: =IF('1 Setup & Keys'!$D$33="","",'1 Setup & Keys'!$D$33) | B7: =IF('1 Setup & Keys'!$D$33="","",COUNTIFS('4 Import Leadership'!$B$5:$B$154,'1 Setup & Keys'!$D$33)) | C7: =IF(OR('1 Setup & Keys'!$D$33="",$B7=0),"",IFERROR(SUMPRODUCT(MAX(('4 Import Leadership'!$B$5:$B$154='1 Setup & Keys'!$D$33)*N('4 Import Leadership'!$I$5:$I$154)))/$B7,"")) | D7: =IF(OR('1 Setup & Keys'!$D$33="",$B7=0),"",IFERROR(SUMPRODUCT(MAX(('4 Import Leadership'!$B$5:$B$154='1 Setup & Keys'!$D$33)*N('4 Import Leadership'!$J$5:$J$154)))/$B7,"")) | E7: =IF(OR('1 Setup & Keys'!$D$33="",$B7=0),"",IFERROR(SUMPRODUCT(MAX(('4 Import Leadership'!$B$5:$B$154='1 Setup & Keys'!$D$33)*N('4 Import Leadership'!$K$5:$K$154)))/$B7,"")) | F7: =IF(OR('1 Setup & Keys'!$D$33="",$B7=0),"",IFERROR(SUMPRODUCT(MAX(('4 Import Leadership'!$B$5:$B$154='1 Setup & Keys'!$D$33)*N('4 Import Leadership'!$L$5:$L$154)))/$B7,"")) | G7: =IF(OR('1 Setup & Keys'!$D$33="",$B7=0),"",IFERROR(SUMPRODUCT(MAX(('4 Import Leadership'!$B$5:$B$154='1 Setup & Keys'!$D$33)*N('4 Import Leadership'!$M$5:$M$154)))/$B7,"")) | H7: =IF('1 Setup & Keys'!$D$33="","",IFERROR(AVERAGE(C7:G7),""))
A8: =IF('1 Setup & Keys'!$D$34="","",'1 Setup & Keys'!$D$34) | B8: =IF('1 Setup & Keys'!$D$34="","",COUNTIFS('4 Import Leadership'!$B$5:$B$154,'1 Setup & Keys'!$D$34)) | C8: =IF(OR('1 Setup & Keys'!$D$34="",$B8=0),"",IFERROR(SUMPRODUCT(MAX(('4 Import Leadership'!$B$5:$B$154='1 Setup & Keys'!$D$34)*N('4 Import Leadership'!$I$5:$I$154)))/$B8,"")) | D8: =IF(OR('1 Setup & Keys'!$D$34="",$B8=0),"",IFERROR(SUMPRODUCT(MAX(('4 Import Leadership'!$B$5:$B$154='1 Setup & Keys'!$D$34)*N('4 Import Leadership'!$J$5:$J$154)))/$B8,"")) | E8: =IF(OR('1 Setup & Keys'!$D$34="",$B8=0),"",IFERROR(SUMPRODUCT(MAX(('4 Import Leadership'!$B$5:$B$154='1 Setup & Keys'!$D$34)*N('4 Import Leadership'!$K$5:$K$154)))/$B8,"")) | F8: =IF(OR('1 Setup & Keys'!$D$34="",$B8=0),"",IFERROR(SUMPRODUCT(MAX(('4 Import Leadership'!$B$5:$B$154='1 Setup & Keys'!$D$34)*N('4 Import Leadership'!$L$5:$L$154)))/$B8,"")) | G8: =IF(OR('1 Setup & Keys'!$D$34="",$B8=0),"",IFERROR(SUMPRODUCT(MAX(('4 Import Leadership'!$B$5:$B$154='1 Setup & Keys'!$D$34)*N('4 Import Leadership'!$M$5:$M$154)))/$B8,"")) | H8: =IF('1 Setup & Keys'!$D$34="","",IFERROR(AVERAGE(C8:G8),""))
A9: =IF('1 Setup & Keys'!$D$35="","",'1 Setup & Keys'!$D$35) | B9: =IF('1 Setup & Keys'!$D$35="","",COUNTIFS('4 Import Leadership'!$B$5:$B$154,'1 Setup & Keys'!$D$35)) | C9: =IF(OR('1 Setup & Keys'!$D$35="",$B9=0),"",IFERROR(SUMPRODUCT(MAX(('4 Import Leadership'!$B$5:$B$154='1 Setup & Keys'!$D$35)*N('4 Import Leadership'!$I$5:$I$154)))/$B9,"")) | D9: =IF(OR('1 Setup & Keys'!$D$35="",$B9=0),"",IFERROR(SUMPRODUCT(MAX(('4 Import Leadership'!$B$5:$B$154='1 Setup & Keys'!$D$35)*N('4 Import Leadership'!$J$5:$J$154)))/$B9,"")) | E9: =IF(OR('1 Setup & Keys'!$D$35="",$B9=0),"",IFERROR(SUMPRODUCT(MAX(('4 Import Leadership'!$B$5:$B$154='1 Setup & Keys'!$D$35)*N('4 Import Leadership'!$K$5:$K$154)))/$B9,"")) | F9: =IF(OR('1 Setup & Keys'!$D$35="",$B9=0),"",IFERROR(SUMPRODUCT(MAX(('4 Import Leadership'!$B$5:$B$154='1 Setup & Keys'!$D$35)*N('4 Import Leadership'!$L$5:$L$154)))/$B9,"")) | G9: =IF(OR('1 Setup & Keys'!$D$35="",$B9=0),"",IFERROR(SUMPRODUCT(MAX(('4 Import Leadership'!$B$5:$B$154='1 Setup & Keys'!$D$35)*N('4 Import Leadership'!$M$5:$M$154)))/$B9,"")) | H9: =IF('1 Setup & Keys'!$D$35="","",IFERROR(AVERAGE(C9:G9),""))
A10: =IF('1 Setup & Keys'!$D$36="","",'1 Setup & Keys'!$D$36) | B10: =IF('1 Setup & Keys'!$D$36="","",COUNTIFS('4 Import Leadership'!$B$5:$B$154,'1 Setup & Keys'!$D$36)) | C10: =IF(OR('1 Setup & Keys'!$D$36="",$B10=0),"",IFERROR(SUMPRODUCT(MAX(('4 Import Leadership'!$B$5:$B$154='1 Setup & Keys'!$D$36)*N('4 Import Leadership'!$I$5:$I$154)))/$B10,"")) | D10: =IF(OR('1 Setup & Keys'!$D$36="",$B10=0),"",IFERROR(SUMPRODUCT(MAX(('4 Import Leadership'!$B$5:$B$154='1 Setup & Keys'!$D$36)*N('4 Import Leadership'!$J$5:$J$154)))/$B10,"")) | E10: =IF(OR('1 Setup & Keys'!$D$36="",$B10=0),"",IFERROR(SUMPRODUCT(MAX(('4 Import Leadership'!$B$5:$B$154='1 Setup & Keys'!$D$36)*N('4 Import Leadership'!$K$5:$K$154)))/$B10,"")) | F10: =IF(OR('1 Setup & Keys'!$D$36="",$B10=0),"",IFERROR(SUMPRODUCT(MAX(('4 Import Leadership'!$B$5:$B$154='1 Setup & Keys'!$D$36)*N('4 Import Leadership'!$L$5:$L$154)))/$B10,"")) | G10: =IF(OR('1 Setup & Keys'!$D$36="",$B10=0),"",IFERROR(SUMPRODUCT(MAX(('4 Import Leadership'!$B$5:$B$154='1 Setup & Keys'!$D$36)*N('4 Import Leadership'!$M$5:$M$154)))/$B10,"")) | H10: =IF('1 Setup & Keys'!$D$36="","",IFERROR(AVERAGE(C10:G10),""))
A11: =IF('1 Setup & Keys'!$D$37="","",'1 Setup & Keys'!$D$37) | B11: =IF('1 Setup & Keys'!$D$37="","",COUNTIFS('4 Import Leadership'!$B$5:$B$154,'1 Setup & Keys'!$D$37)) | C11: =IF(OR('1 Setup & Keys'!$D$37="",$B11=0),"",IFERROR(SUMPRODUCT(MAX(('4 Import Leadership'!$B$5:$B$154='1 Setup & Keys'!$D$37)*N('4 Import Leadership'!$I$5:$I$154)))/$B11,"")) | D11: =IF(OR('1 Setup & Keys'!$D$37="",$B11=0),"",IFERROR(SUMPRODUCT(MAX(('4 Import Leadership'!$B$5:$B$154='1 Setup & Keys'!$D$37)*N('4 Import Leadership'!$J$5:$J$154)))/$B11,"")) | E11: =IF(OR('1 Setup & Keys'!$D$37="",$B11=0),"",IFERROR(SUMPRODUCT(MAX(('4 Import Leadership'!$B$5:$B$154='1 Setup & Keys'!$D$37)*N('4 Import Leadership'!$K$5:$K$154)))/$B11,"")) | F11: =IF(OR('1 Setup & Keys'!$D$37="",$B11=0),"",IFERROR(SUMPRODUCT(MAX(('4 Import Leadership'!$B$5:$B$154='1 Setup & Keys'!$D$37)*N('4 Import Leadership'!$L$5:$L$154)))/$B11,"")) | G11: =IF(OR('1 Setup & Keys'!$D$37="",$B11=0),"",IFERROR(SUMPRODUCT(MAX(('4 Import Leadership'!$B$5:$B$154='1 Setup & Keys'!$D$37)*N('4 Import Leadership'!$M$5:$M$154)))/$B11,"")) | H11: =IF('1 Setup & Keys'!$D$37="","",IFERROR(AVERAGE(C11:G11),""))
A12: =IF('1 Setup & Keys'!$D$38="","",'1 Setup & Keys'!$D$38) | B12: =IF('1 Setup & Keys'!$D$38="","",COUNTIFS('4 Import Leadership'!$B$5:$B$154,'1 Setup & Keys'!$D$38)) | C12: =IF(OR('1 Setup & Keys'!$D$38="",$B12=0),"",IFERROR(SUMPRODUCT(MAX(('4 Import Leadership'!$B$5:$B$154='1 Setup & Keys'!$D$38)*N('4 Import Leadership'!$I$5:$I$154)))/$B12,"")) | D12: =IF(OR('1 Setup & Keys'!$D$38="",$B12=0),"",IFERROR(SUMPRODUCT(MAX(('4 Import Leadership'!$B$5:$B$154='1 Setup & Keys'!$D$38)*N('4 Import Leadership'!$J$5:$J$154)))/$B12,"")) | E12: =IF(OR('1 Setup & Keys'!$D$38="",$B12=0),"",IFERROR(SUMPRODUCT(MAX(('4 Import Leadership'!$B$5:$B$154='1 Setup & Keys'!$D$38)*N('4 Import Leadership'!$K$5:$K$154)))/$B12,"")) | F12: =IF(OR('1 Setup & Keys'!$D$38="",$B12=0),"",IFERROR(SUMPRODUCT(MAX(('4 Import Leadership'!$B$5:$B$154='1 Setup & Keys'!$D$38)*N('4 Import Leadership'!$L$5:$L$154)))/$B12,"")) | G12: =IF(OR('1 Setup & Keys'!$D$38="",$B12=0),"",IFERROR(SUMPRODUCT(MAX(('4 Import Leadership'!$B$5:$B$154='1 Setup & Keys'!$D$38)*N('4 Import Leadership'!$M$5:$M$154)))/$B12,"")) | H12: =IF('1 Setup & Keys'!$D$38="","",IFERROR(AVERAGE(C12:G12),""))
A13: =IF('1 Setup & Keys'!$D$39="","",'1 Setup & Keys'!$D$39) | B13: =IF('1 Setup & Keys'!$D$39="","",COUNTIFS('4 Import Leadership'!$B$5:$B$154,'1 Setup & Keys'!$D$39)) | C13: =IF(OR('1 Setup & Keys'!$D$39="",$B13=0),"",IFERROR(SUMPRODUCT(MAX(('4 Import Leadership'!$B$5:$B$154='1 Setup & Keys'!$D$39)*N('4 Import Leadership'!$I$5:$I$154)))/$B13,"")) | D13: =IF(OR('1 Setup & Keys'!$D$39="",$B13=0),"",IFERROR(SUMPRODUCT(MAX(('4 Import Leadership'!$B$5:$B$154='1 Setup & Keys'!$D$39)*N('4 Import Leadership'!$J$5:$J$154)))/$B13,"")) | E13: =IF(OR('1 Setup & Keys'!$D$39="",$B13=0),"",IFERROR(SUMPRODUCT(MAX(('4 Import Leadership'!$B$5:$B$154='1 Setup & Keys'!$D$39)*N('4 Import Leadership'!$K$5:$K$154)))/$B13,"")) | F13: =IF(OR('1 Setup & Keys'!$D$39="",$B13=0),"",IFERROR(SUMPRODUCT(MAX(('4 Import Leadership'!$B$5:$B$154='1 Setup & Keys'!$D$39)*N('4 Import Leadership'!$L$5:$L$154)))/$B13,"")) | G13: =IF(OR('1 Setup & Keys'!$D$39="",$B13=0),"",IFERROR(SUMPRODUCT(MAX(('4 Import Leadership'!$B$5:$B$154='1 Setup & Keys'!$D$39)*N('4 Import Leadership'!$M$5:$M$154)))/$B13,"")) | H13: =IF('1 Setup & Keys'!$D$39="","",IFERROR(AVERAGE(C13:G13),""))
A14: =IF('1 Setup & Keys'!$D$40="","",'1 Setup & Keys'!$D$40) | B14: =IF('1 Setup & Keys'!$D$40="","",COUNTIFS('4 Import Leadership'!$B$5:$B$154,'1 Setup & Keys'!$D$40)) | C14: =IF(OR('1 Setup & Keys'!$D$40="",$B14=0),"",IFERROR(SUMPRODUCT(MAX(('4 Import Leadership'!$B$5:$B$154='1 Setup & Keys'!$D$40)*N('4 Import Leadership'!$I$5:$I$154)))/$B14,"")) | D14: =IF(OR('1 Setup & Keys'!$D$40="",$B14=0),"",IFERROR(SUMPRODUCT(MAX(('4 Import Leadership'!$B$5:$B$154='1 Setup & Keys'!$D$40)*N('4 Import Leadership'!$J$5:$J$154)))/$B14,"")) | E14: =IF(OR('1 Setup & Keys'!$D$40="",$B14=0),"",IFERROR(SUMPRODUCT(MAX(('4 Import Leadership'!$B$5:$B$154='1 Setup & Keys'!$D$40)*N('4 Import Leadership'!$K$5:$K$154)))/$B14,"")) | F14: =IF(OR('1 Setup & Keys'!$D$40="",$B14=0),"",IFERROR(SUMPRODUCT(MAX(('4 Import Leadership'!$B$5:$B$154='1 Setup & Keys'!$D$40)*N('4 Import Leadership'!$L$5:$L$154)))/$B14,"")) | G14: =IF(OR('1 Setup & Keys'!$D$40="",$B14=0),"",IFERROR(SUMPRODUCT(MAX(('4 Import Leadership'!$B$5:$B$154='1 Setup & Keys'!$D$40)*N('4 Import Leadership'!$M$5:$M$154)))/$B14,"")) | H14: =IF('1 Setup & Keys'!$D$40="","",IFERROR(AVERAGE(C14:G14),""))
A15: =IF('1 Setup & Keys'!$D$41="","",'1 Setup & Keys'!$D$41) | B15: =IF('1 Setup & Keys'!$D$41="","",COUNTIFS('4 Import Leadership'!$B$5:$B$154,'1 Setup & Keys'!$D$41)) | C15: =IF(OR('1 Setup & Keys'!$D$41="",$B15=0),"",IFERROR(SUMPRODUCT(MAX(('4 Import Leadership'!$B$5:$B$154='1 Setup & Keys'!$D$41)*N('4 Import Leadership'!$I$5:$I$154)))/$B15,"")) | D15: =IF(OR('1 Setup & Keys'!$D$41="",$B15=0),"",IFERROR(SUMPRODUCT(MAX(('4 Import Leadership'!$B$5:$B$154='1 Setup & Keys'!$D$41)*N('4 Import Leadership'!$J$5:$J$154)))/$B15,"")) | E15: =IF(OR('1 Setup & Keys'!$D$41="",$B15=0),"",IFERROR(SUMPRODUCT(MAX(('4 Import Leadership'!$B$5:$B$154='1 Setup & Keys'!$D$41)*N('4 Import Leadership'!$K$5:$K$154)))/$B15,"")) | F15: =IF(OR('1 Setup & Keys'!$D$41="",$B15=0),"",IFERROR(SUMPRODUCT(MAX(('4 Import Leadership'!$B$5:$B$154='1 Setup & Keys'!$D$41)*N('4 Import Leadership'!$L$5:$L$154)))/$B15,"")) | G15: =IF(OR('1 Setup & Keys'!$D$41="",$B15=0),"",IFERROR(SUMPRODUCT(MAX(('4 Import Leadership'!$B$5:$B$154='1 Setup & Keys'!$D$41)*N('4 Import Leadership'!$M$5:$M$154)))/$B15,"")) | H15: =IF('1 Setup & Keys'!$D$41="","",IFERROR(AVERAGE(C15:G15),""))
A16: =IF('1 Setup & Keys'!$D$42="","",'1 Setup & Keys'!$D$42) | B16: =IF('1 Setup & Keys'!$D$42="","",COUNTIFS('4 Import Leadership'!$B$5:$B$154,'1 Setup & Keys'!$D$42)) | C16: =IF(OR('1 Setup & Keys'!$D$42="",$B16=0),"",IFERROR(SUMPRODUCT(MAX(('4 Import Leadership'!$B$5:$B$154='1 Setup & Keys'!$D$42)*N('4 Import Leadership'!$I$5:$I$154)))/$B16,"")) | D16: =IF(OR('1 Setup & Keys'!$D$42="",$B16=0),"",IFERROR(SUMPRODUCT(MAX(('4 Import Leadership'!$B$5:$B$154='1 Setup & Keys'!$D$42)*N('4 Import Leadership'!$J$5:$J$154)))/$B16,"")) | E16: =IF(OR('1 Setup & Keys'!$D$42="",$B16=0),"",IFERROR(SUMPRODUCT(MAX(('4 Import Leadership'!$B$5:$B$154='1 Setup & Keys'!$D$42)*N('4 Import Leadership'!$K$5:$K$154)))/$B16,"")) | F16: =IF(OR('1 Setup & Keys'!$D$42="",$B16=0),"",IFERROR(SUMPRODUCT(MAX(('4 Import Leadership'!$B$5:$B$154='1 Setup & Keys'!$D$42)*N('4 Import Leadership'!$L$5:$L$154)))/$B16,"")) | G16: =IF(OR('1 Setup & Keys'!$D$42="",$B16=0),"",IFERROR(SUMPRODUCT(MAX(('4 Import Leadership'!$B$5:$B$154='1 Setup & Keys'!$D$42)*N('4 Import Leadership'!$M$5:$M$154)))/$B16,"")) | H16: =IF('1 Setup & Keys'!$D$42="","",IFERROR(AVERAGE(C16:G16),""))
A17: =IF('1 Setup & Keys'!$D$43="","",'1 Setup & Keys'!$D$43) | B17: =IF('1 Setup & Keys'!$D$43="","",COUNTIFS('4 Import Leadership'!$B$5:$B$154,'1 Setup & Keys'!$D$43)) | C17: =IF(OR('1 Setup & Keys'!$D$43="",$B17=0),"",IFERROR(SUMPRODUCT(MAX(('4 Import Leadership'!$B$5:$B$154='1 Setup & Keys'!$D$43)*N('4 Import Leadership'!$I$5:$I$154)))/$B17,"")) | D17: =IF(OR('1 Setup & Keys'!$D$43="",$B17=0),"",IFERROR(SUMPRODUCT(MAX(('4 Import Leadership'!$B$5:$B$154='1 Setup & Keys'!$D$43)*N('4 Import Leadership'!$J$5:$J$154)))/$B17,"")) | E17: =IF(OR('1 Setup & Keys'!$D$43="",$B17=0),"",IFERROR(SUMPRODUCT(MAX(('4 Import Leadership'!$B$5:$B$154='1 Setup & Keys'!$D$43)*N('4 Import Leadership'!$K$5:$K$154)))/$B17,"")) | F17: =IF(OR('1 Setup & Keys'!$D$43="",$B17=0),"",IFERROR(SUMPRODUCT(MAX(('4 Import Leadership'!$B$5:$B$154='1 Setup & Keys'!$D$43)*N('4 Import Leadership'!$L$5:$L$154)))/$B17,"")) | G17: =IF(OR('1 Setup & Keys'!$D$43="",$B17=0),"",IFERROR(SUMPRODUCT(MAX(('4 Import Leadership'!$B$5:$B$154='1 Setup & Keys'!$D$43)*N('4 Import Leadership'!$M$5:$M$154)))/$B17,"")) | H17: =IF('1 Setup & Keys'!$D$43="","",IFERROR(AVERAGE(C17:G17),""))
A19: Per-decision clarity (house convention)
A20: Decision type | B20: Clarity 0-100
A21: =IF('1 Setup & Keys'!$D$32="","",'1 Setup & Keys'!$D$32) | B21: =IF('1 Setup & Keys'!$D$32="","",IFERROR((AVERAGEIFS('4 Import Leadership'!$H$5:$H$154,'4 Import Leadership'!$B$5:$B$154,'1 Setup & Keys'!$D$32)-1)*25,""))
A22: =IF('1 Setup & Keys'!$D$33="","",'1 Setup & Keys'!$D$33) | B22: =IF('1 Setup & Keys'!$D$33="","",IFERROR((AVERAGEIFS('4 Import Leadership'!$H$5:$H$154,'4 Import Leadership'!$B$5:$B$154,'1 Setup & Keys'!$D$33)-1)*25,""))
A23: =IF('1 Setup & Keys'!$D$34="","",'1 Setup & Keys'!$D$34) | B23: =IF('1 Setup & Keys'!$D$34="","",IFERROR((AVERAGEIFS('4 Import Leadership'!$H$5:$H$154,'4 Import Leadership'!$B$5:$B$154,'1 Setup & Keys'!$D$34)-1)*25,""))
A24: =IF('1 Setup & Keys'!$D$35="","",'1 Setup & Keys'!$D$35) | B24: =IF('1 Setup & Keys'!$D$35="","",IFERROR((AVERAGEIFS('4 Import Leadership'!$H$5:$H$154,'4 Import Leadership'!$B$5:$B$154,'1 Setup & Keys'!$D$35)-1)*25,""))
A25: =IF('1 Setup & Keys'!$D$36="","",'1 Setup & Keys'!$D$36) | B25: =IF('1 Setup & Keys'!$D$36="","",IFERROR((AVERAGEIFS('4 Import Leadership'!$H$5:$H$154,'4 Import Leadership'!$B$5:$B$154,'1 Setup & Keys'!$D$36)-1)*25,""))
A26: =IF('1 Setup & Keys'!$D$37="","",'1 Setup & Keys'!$D$37) | B26: =IF('1 Setup & Keys'!$D$37="","",IFERROR((AVERAGEIFS('4 Import Leadership'!$H$5:$H$154,'4 Import Leadership'!$B$5:$B$154,'1 Setup & Keys'!$D$37)-1)*25,""))
A27: =IF('1 Setup & Keys'!$D$38="","",'1 Setup & Keys'!$D$38) | B27: =IF('1 Setup & Keys'!$D$38="","",IFERROR((AVERAGEIFS('4 Import Leadership'!$H$5:$H$154,'4 Import Leadership'!$B$5:$B$154,'1 Setup & Keys'!$D$38)-1)*25,""))
A28: =IF('1 Setup & Keys'!$D$39="","",'1 Setup & Keys'!$D$39) | B28: =IF('1 Setup & Keys'!$D$39="","",IFERROR((AVERAGEIFS('4 Import Leadership'!$H$5:$H$154,'4 Import Leadership'!$B$5:$B$154,'1 Setup & Keys'!$D$39)-1)*25,""))
A29: =IF('1 Setup & Keys'!$D$40="","",'1 Setup & Keys'!$D$40) | B29: =IF('1 Setup & Keys'!$D$40="","",IFERROR((AVERAGEIFS('4 Import Leadership'!$H$5:$H$154,'4 Import Leadership'!$B$5:$B$154,'1 Setup & Keys'!$D$40)-1)*25,""))
A30: =IF('1 Setup & Keys'!$D$41="","",'1 Setup & Keys'!$D$41) | B30: =IF('1 Setup & Keys'!$D$41="","",IFERROR((AVERAGEIFS('4 Import Leadership'!$H$5:$H$154,'4 Import Leadership'!$B$5:$B$154,'1 Setup & Keys'!$D$41)-1)*25,""))
A31: =IF('1 Setup & Keys'!$D$42="","",'1 Setup & Keys'!$D$42) | B31: =IF('1 Setup & Keys'!$D$42="","",IFERROR((AVERAGEIFS('4 Import Leadership'!$H$5:$H$154,'4 Import Leadership'!$B$5:$B$154,'1 Setup & Keys'!$D$42)-1)*25,""))
A32: =IF('1 Setup & Keys'!$D$43="","",'1 Setup & Keys'!$D$43) | B32: =IF('1 Setup & Keys'!$D$43="","",IFERROR((AVERAGEIFS('4 Import Leadership'!$H$5:$H$154,'4 Import Leadership'!$B$5:$B$154,'1 Setup & Keys'!$D$43)-1)*25,""))
A34: Aggregate agreement | B34: =IFERROR(AVERAGE(H6:H17),"")
A35: Aggregate clarity (0-100) | B35: =IFERROR(AVERAGE(B21:B32),"")
A36: Leadership response rate | B36: =IF('1 Setup & Keys'!$B$22="","",IFERROR(SUM('4 Import Leadership'!$N$5:$N$154)/'1 Setup & Keys'!$B$22,""))
A37: =IF($B36="","",IF($B36<Reference!$B$6,"LOW leadership response","ok"))
A38: M-O1-LT score | B38: =IF(OR('9 Type C Scoring'!$B$34="",'9 Type C Scoring'!$B$35=""),"",0.6*('9 Type C Scoring'!$B$34*100)+0.4*'9 Type C Scoring'!$B$35)
A40: 6.2-6.4 Structural modules — M-O1-CASCADE, M-O2-IA, M-O3-PF
A41: Component scores only. The Diagnostic Workbook assembles the O1/O2/O3 structural composites. Reverse items flipped here (finished score).
A42: Module | B42: Score 0-100 | C42: Response rate | D42: Flag
A43: M-O1-CASCADE | B43: =IFERROR(((IF(IFERROR(AVERAGEIFS('2 Import Main'!BV5:BV204,'7 Screening'!$I$5:$I$204,1),"")="",0,IFERROR(AVERAGEIFS('2 Import Main'!BV5:BV204,'7 Screening'!$I$5:$I$204,1),""))+IF(IFERROR(AVERAGEIFS('2 Import Main'!BW5:BW204,'7 Screening'!$I$5:$I$204,1),"")="",0,IFERROR(AVERAGEIFS('2 Import Main'!BW5:BW204,'7 Screening'!$I$5:$I$204,1),""))+IF(IFERROR(AVERAGEIFS('2 Import Main'!BX5:BX204,'7 Screening'!$I$5:$I$204,1),"")="",0,IFERROR(AVERAGEIFS('2 Import Main'!BX5:BX204,'7 Screening'!$I$5:$I$204,1),""))+IF(IFERROR(AVERAGEIFS('2 Import Main'!BY5:BY204,'7 Screening'!$I$5:$I$204,1),"")="",0,IFERROR(AVERAGEIFS('2 Import Main'!BY5:BY204,'7 Screening'!$I$5:$I$204,1),""))+IF(IFERROR(AVERAGEIFS('2 Import Main'!BZ5:BZ204,'7 Screening'!$I$5:$I$204,1),"")="",0,(6-IFERROR(AVERAGEIFS('2 Import Main'!BZ5:BZ204,'7 Screening'!$I$5:$I$204,1),""))))/(IF(IFERROR(AVERAGEIFS('2 Import Main'!BV5:BV204,'7 Screening'!$I$5:$I$204,1),"")="",0,1)+IF(IFERROR(AVERAGEIFS('2 Import Main'!BW5:BW204,'7 Screening'!$I$5:$I$204,1),"")="",0,1)+IF(IFERROR(AVERAGEIFS('2 Import Main'!BX5:BX204,'7 Screening'!$I$5:$I$204,1),"")="",0,1)+IF(IFERROR(AVERAGEIFS('2 Import Main'!BY5:BY204,'7 Screening'!$I$5:$I$204,1),"")="",0,1)+IF(IFERROR(AVERAGEIFS('2 Import Main'!BZ5:BZ204,'7 Screening'!$I$5:$I$204,1),"")="",0,1))-1)*25,"") | C43: =IF('1 Setup & Keys'!$B$20="","",IFERROR(COUNTIFS('7 Screening'!$I$5:$I$204,1,'2 Import Main'!BV5:BV204,"<>")/'1 Setup & Keys'!$B$20,"")) | D43: =IF(C43="","",IF(C43<Reference!$B$5,"LOW",""))
A44: M-O2-IA | B44: =IFERROR(((IF(IFERROR(AVERAGEIFS('2 Import Main'!CA5:CA204,'7 Screening'!$I$5:$I$204,1),"")="",0,IFERROR(AVERAGEIFS('2 Import Main'!CA5:CA204,'7 Screening'!$I$5:$I$204,1),""))+IF(IFERROR(AVERAGEIFS('2 Import Main'!CB5:CB204,'7 Screening'!$I$5:$I$204,1),"")="",0,IFERROR(AVERAGEIFS('2 Import Main'!CB5:CB204,'7 Screening'!$I$5:$I$204,1),""))+IF(IFERROR(AVERAGEIFS('2 Import Main'!CC5:CC204,'7 Screening'!$I$5:$I$204,1),"")="",0,(6-IFERROR(AVERAGEIFS('2 Import Main'!CC5:CC204,'7 Screening'!$I$5:$I$204,1),"")))+IF(IFERROR(AVERAGEIFS('2 Import Main'!CD5:CD204,'7 Screening'!$I$5:$I$204,1),"")="",0,(6-IFERROR(AVERAGEIFS('2 Import Main'!CD5:CD204,'7 Screening'!$I$5:$I$204,1),"")))+IF(IFERROR(AVERAGEIFS('2 Import Main'!CE5:CE204,'7 Screening'!$I$5:$I$204,1),"")="",0,IFERROR(AVERAGEIFS('2 Import Main'!CE5:CE204,'7 Screening'!$I$5:$I$204,1),""))+IF(IFERROR(AVERAGEIFS('2 Import Main'!CF5:CF204,'7 Screening'!$I$5:$I$204,1),"")="",0,(6-IFERROR(AVERAGEIFS('2 Import Main'!CF5:CF204,'7 Screening'!$I$5:$I$204,1),""))))/(IF(IFERROR(AVERAGEIFS('2 Import Main'!CA5:CA204,'7 Screening'!$I$5:$I$204,1),"")="",0,1)+IF(IFERROR(AVERAGEIFS('2 Import Main'!CB5:CB204,'7 Screening'!$I$5:$I$204,1),"")="",0,1)+IF(IFERROR(AVERAGEIFS('2 Import Main'!CC5:CC204,'7 Screening'!$I$5:$I$204,1),"")="",0,1)+IF(IFERROR(AVERAGEIFS('2 Import Main'!CD5:CD204,'7 Screening'!$I$5:$I$204,1),"")="",0,1)+IF(IFERROR(AVERAGEIFS('2 Import Main'!CE5:CE204,'7 Screening'!$I$5:$I$204,1),"")="",0,1)+IF(IFERROR(AVERAGEIFS('2 Import Main'!CF5:CF204,'7 Screening'!$I$5:$I$204,1),"")="",0,1))-1)*25,"") | C44: =IF('1 Setup & Keys'!$B$20="","",IFERROR(COUNTIFS('7 Screening'!$I$5:$I$204,1,'2 Import Main'!CA5:CA204,"<>")/'1 Setup & Keys'!$B$20,"")) | D44: =IF(C44="","",IF(C44<Reference!$B$5,"LOW",""))
A45: Process 1 score | B45: =IF((IF(IFERROR(AVERAGEIFS('2 Import Main'!CH5:CH204,'7 Screening'!$I$5:$I$204,1),"")="",0,1)+IF(IFERROR(AVERAGEIFS('2 Import Main'!CI5:CI204,'7 Screening'!$I$5:$I$204,1),"")="",0,1)+IF(IFERROR(AVERAGEIFS('2 Import Main'!CJ5:CJ204,'7 Screening'!$I$5:$I$204,1),"")="",0,1)+IF(IFERROR(AVERAGEIFS('2 Import Main'!CK5:CK204,'7 Screening'!$I$5:$I$204,1),"")="",0,1)+IF(IFERROR(AVERAGEIFS('2 Import Main'!CL5:CL204,'7 Screening'!$I$5:$I$204,1),"")="",0,1)+IF(IFERROR(AVERAGEIFS('2 Import Main'!CM5:CM204,'7 Screening'!$I$5:$I$204,1),"")="",0,1))=0,"",(((IF(IFERROR(AVERAGEIFS('2 Import Main'!CH5:CH204,'7 Screening'!$I$5:$I$204,1),"")="",0,IFERROR(AVERAGEIFS('2 Import Main'!CH5:CH204,'7 Screening'!$I$5:$I$204,1),""))+IF(IFERROR(AVERAGEIFS('2 Import Main'!CI5:CI204,'7 Screening'!$I$5:$I$204,1),"")="",0,IFERROR(AVERAGEIFS('2 Import Main'!CI5:CI204,'7 Screening'!$I$5:$I$204,1),""))+IF(IFERROR(AVERAGEIFS('2 Import Main'!CJ5:CJ204,'7 Screening'!$I$5:$I$204,1),"")="",0,IFERROR(AVERAGEIFS('2 Import Main'!CJ5:CJ204,'7 Screening'!$I$5:$I$204,1),""))+IF(IFERROR(AVERAGEIFS('2 Import Main'!CK5:CK204,'7 Screening'!$I$5:$I$204,1),"")="",0,(6-IFERROR(AVERAGEIFS('2 Import Main'!CK5:CK204,'7 Screening'!$I$5:$I$204,1),"")))+IF(IFERROR(AVERAGEIFS('2 Import Main'!CL5:CL204,'7 Screening'!$I$5:$I$204,1),"")="",0,IFERROR(AVERAGEIFS('2 Import Main'!CL5:CL204,'7 Screening'!$I$5:$I$204,1),""))+IF(IFERROR(AVERAGEIFS('2 Import Main'!CM5:CM204,'7 Screening'!$I$5:$I$204,1),"")="",0,IFERROR(AVERAGEIFS('2 Import Main'!CM5:CM204,'7 Screening'!$I$5:$I$204,1),"")))/(IF(IFERROR(AVERAGEIFS('2 Import Main'!CH5:CH204,'7 Screening'!$I$5:$I$204,1),"")="",0,1)+IF(IFERROR(AVERAGEIFS('2 Import Main'!CI5:CI204,'7 Screening'!$I$5:$I$204,1),"")="",0,1)+IF(IFERROR(AVERAGEIFS('2 Import Main'!CJ5:CJ204,'7 Screening'!$I$5:$I$204,1),"")="",0,1)+IF(IFERROR(AVERAGEIFS('2 Import Main'!CK5:CK204,'7 Screening'!$I$5:$I$204,1),"")="",0,1)+IF(IFERROR(AVERAGEIFS('2 Import Main'!CL5:CL204,'7 Screening'!$I$5:$I$204,1),"")="",0,1)+IF(IFERROR(AVERAGEIFS('2 Import Main'!CM5:CM204,'7 Screening'!$I$5:$I$204,1),"")="",0,1)))-1)*25)
A46: Process 2 score | B46: =IF((IF(IFERROR(AVERAGEIFS('2 Import Main'!CO5:CO204,'7 Screening'!$I$5:$I$204,1),"")="",0,1)+IF(IFERROR(AVERAGEIFS('2 Import Main'!CP5:CP204,'7 Screening'!$I$5:$I$204,1),"")="",0,1)+IF(IFERROR(AVERAGEIFS('2 Import Main'!CQ5:CQ204,'7 Screening'!$I$5:$I$204,1),"")="",0,1)+IF(IFERROR(AVERAGEIFS('2 Import Main'!CR5:CR204,'7 Screening'!$I$5:$I$204,1),"")="",0,1)+IF(IFERROR(AVERAGEIFS('2 Import Main'!CS5:CS204,'7 Screening'!$I$5:$I$204,1),"")="",0,1)+IF(IFERROR(AVERAGEIFS('2 Import Main'!CT5:CT204,'7 Screening'!$I$5:$I$204,1),"")="",0,1))=0,"",(((IF(IFERROR(AVERAGEIFS('2 Import Main'!CO5:CO204,'7 Screening'!$I$5:$I$204,1),"")="",0,IFERROR(AVERAGEIFS('2 Import Main'!CO5:CO204,'7 Screening'!$I$5:$I$204,1),""))+IF(IFERROR(AVERAGEIFS('2 Import Main'!CP5:CP204,'7 Screening'!$I$5:$I$204,1),"")="",0,IFERROR(AVERAGEIFS('2 Import Main'!CP5:CP204,'7 Screening'!$I$5:$I$204,1),""))+IF(IFERROR(AVERAGEIFS('2 Import Main'!CQ5:CQ204,'7 Screening'!$I$5:$I$204,1),"")="",0,IFERROR(AVERAGEIFS('2 Import Main'!CQ5:CQ204,'7 Screening'!$I$5:$I$204,1),""))+IF(IFERROR(AVERAGEIFS('2 Import Main'!CR5:CR204,'7 Screening'!$I$5:$I$204,1),"")="",0,(6-IFERROR(AVERAGEIFS('2 Import Main'!CR5:CR204,'7 Screening'!$I$5:$I$204,1),"")))+IF(IFERROR(AVERAGEIFS('2 Import Main'!CS5:CS204,'7 Screening'!$I$5:$I$204,1),"")="",0,IFERROR(AVERAGEIFS('2 Import Main'!CS5:CS204,'7 Screening'!$I$5:$I$204,1),""))+IF(IFERROR(AVERAGEIFS('2 Import Main'!CT5:CT204,'7 Screening'!$I$5:$I$204,1),"")="",0,IFERROR(AVERAGEIFS('2 Import Main'!CT5:CT204,'7 Screening'!$I$5:$I$204,1),"")))/(IF(IFERROR(AVERAGEIFS('2 Import Main'!CO5:CO204,'7 Screening'!$I$5:$I$204,1),"")="",0,1)+IF(IFERROR(AVERAGEIFS('2 Import Main'!CP5:CP204,'7 Screening'!$I$5:$I$204,1),"")="",0,1)+IF(IFERROR(AVERAGEIFS('2 Import Main'!CQ5:CQ204,'7 Screening'!$I$5:$I$204,1),"")="",0,1)+IF(IFERROR(AVERAGEIFS('2 Import Main'!CR5:CR204,'7 Screening'!$I$5:$I$204,1),"")="",0,1)+IF(IFERROR(AVERAGEIFS('2 Import Main'!CS5:CS204,'7 Screening'!$I$5:$I$204,1),"")="",0,1)+IF(IFERROR(AVERAGEIFS('2 Import Main'!CT5:CT204,'7 Screening'!$I$5:$I$204,1),"")="",0,1)))-1)*25)
A47: Process 3 score | B47: =IF((IF(IFERROR(AVERAGEIFS('2 Import Main'!CV5:CV204,'7 Screening'!$I$5:$I$204,1),"")="",0,1)+IF(IFERROR(AVERAGEIFS('2 Import Main'!CW5:CW204,'7 Screening'!$I$5:$I$204,1),"")="",0,1)+IF(IFERROR(AVERAGEIFS('2 Import Main'!CX5:CX204,'7 Screening'!$I$5:$I$204,1),"")="",0,1)+IF(IFERROR(AVERAGEIFS('2 Import Main'!CY5:CY204,'7 Screening'!$I$5:$I$204,1),"")="",0,1)+IF(IFERROR(AVERAGEIFS('2 Import Main'!CZ5:CZ204,'7 Screening'!$I$5:$I$204,1),"")="",0,1)+IF(IFERROR(AVERAGEIFS('2 Import Main'!DA5:DA204,'7 Screening'!$I$5:$I$204,1),"")="",0,1))=0,"",(((IF(IFERROR(AVERAGEIFS('2 Import Main'!CV5:CV204,'7 Screening'!$I$5:$I$204,1),"")="",0,IFERROR(AVERAGEIFS('2 Import Main'!CV5:CV204,'7 Screening'!$I$5:$I$204,1),""))+IF(IFERROR(AVERAGEIFS('2 Import Main'!CW5:CW204,'7 Screening'!$I$5:$I$204,1),"")="",0,IFERROR(AVERAGEIFS('2 Import Main'!CW5:CW204,'7 Screening'!$I$5:$I$204,1),""))+IF(IFERROR(AVERAGEIFS('2 Import Main'!CX5:CX204,'7 Screening'!$I$5:$I$204,1),"")="",0,IFERROR(AVERAGEIFS('2 Import Main'!CX5:CX204,'7 Screening'!$I$5:$I$204,1),""))+IF(IFERROR(AVERAGEIFS('2 Import Main'!CY5:CY204,'7 Screening'!$I$5:$I$204,1),"")="",0,(6-IFERROR(AVERAGEIFS('2 Import Main'!CY5:CY204,'7 Screening'!$I$5:$I$204,1),"")))+IF(IFERROR(AVERAGEIFS('2 Import Main'!CZ5:CZ204,'7 Screening'!$I$5:$I$204,1),"")="",0,IFERROR(AVERAGEIFS('2 Import Main'!CZ5:CZ204,'7 Screening'!$I$5:$I$204,1),""))+IF(IFERROR(AVERAGEIFS('2 Import Main'!DA5:DA204,'7 Screening'!$I$5:$I$204,1),"")="",0,IFERROR(AVERAGEIFS('2 Import Main'!DA5:DA204,'7 Screening'!$I$5:$I$204,1),"")))/(IF(IFERROR(AVERAGEIFS('2 Import Main'!CV5:CV204,'7 Screening'!$I$5:$I$204,1),"")="",0,1)+IF(IFERROR(AVERAGEIFS('2 Import Main'!CW5:CW204,'7 Screening'!$I$5:$I$204,1),"")="",0,1)+IF(IFERROR(AVERAGEIFS('2 Import Main'!CX5:CX204,'7 Screening'!$I$5:$I$204,1),"")="",0,1)+IF(IFERROR(AVERAGEIFS('2 Import Main'!CY5:CY204,'7 Screening'!$I$5:$I$204,1),"")="",0,1)+IF(IFERROR(AVERAGEIFS('2 Import Main'!CZ5:CZ204,'7 Screening'!$I$5:$I$204,1),"")="",0,1)+IF(IFERROR(AVERAGEIFS('2 Import Main'!DA5:DA204,'7 Screening'!$I$5:$I$204,1),"")="",0,1)))-1)*25)
A48: M-O3-PF (mean across processes) | B48: =IFERROR(AVERAGE(B45,B46,B47),"")
A50: 6.5 M-C1-MGR — Manager Capability (skill coverage)
A51: Role family | B51: Coverage | C51: Score 0-100 | D51: FTE
A52: =IF('1 Setup & Keys'!$K$32="","",'1 Setup & Keys'!$K$32) | B52: =IF('1 Setup & Keys'!$K$32="","",IFERROR(AVERAGEIFS('3 Import Manager'!$T$5:$T$154,'3 Import Manager'!$B$5:$B$154,'1 Setup & Keys'!$K$32),"")) | C52: =IF(B52="","",B52*100) | D52: =IF('1 Setup & Keys'!$K$32="","",'1 Setup & Keys'!$L$32)
A53: =IF('1 Setup & Keys'!$K$33="","",'1 Setup & Keys'!$K$33) | B53: =IF('1 Setup & Keys'!$K$33="","",IFERROR(AVERAGEIFS('3 Import Manager'!$T$5:$T$154,'3 Import Manager'!$B$5:$B$154,'1 Setup & Keys'!$K$33),"")) | C53: =IF(B53="","",B53*100) | D53: =IF('1 Setup & Keys'!$K$33="","",'1 Setup & Keys'!$L$33)
A54: =IF('1 Setup & Keys'!$K$34="","",'1 Setup & Keys'!$K$34) | B54: =IF('1 Setup & Keys'!$K$34="","",IFERROR(AVERAGEIFS('3 Import Manager'!$T$5:$T$154,'3 Import Manager'!$B$5:$B$154,'1 Setup & Keys'!$K$34),"")) | C54: =IF(B54="","",B54*100) | D54: =IF('1 Setup & Keys'!$K$34="","",'1 Setup & Keys'!$L$34)
A55: =IF('1 Setup & Keys'!$K$35="","",'1 Setup & Keys'!$K$35) | B55: =IF('1 Setup & Keys'!$K$35="","",IFERROR(AVERAGEIFS('3 Import Manager'!$T$5:$T$154,'3 Import Manager'!$B$5:$B$154,'1 Setup & Keys'!$K$35),"")) | C55: =IF(B55="","",B55*100) | D55: =IF('1 Setup & Keys'!$K$35="","",'1 Setup & Keys'!$L$35)
A56: =IF('1 Setup & Keys'!$K$36="","",'1 Setup & Keys'!$K$36) | B56: =IF('1 Setup & Keys'!$K$36="","",IFERROR(AVERAGEIFS('3 Import Manager'!$T$5:$T$154,'3 Import Manager'!$B$5:$B$154,'1 Setup & Keys'!$K$36),"")) | C56: =IF(B56="","",B56*100) | D56: =IF('1 Setup & Keys'!$K$36="","",'1 Setup & Keys'!$L$36)
A57: =IF('1 Setup & Keys'!$K$37="","",'1 Setup & Keys'!$K$37) | B57: =IF('1 Setup & Keys'!$K$37="","",IFERROR(AVERAGEIFS('3 Import Manager'!$T$5:$T$154,'3 Import Manager'!$B$5:$B$154,'1 Setup & Keys'!$K$37),"")) | C57: =IF(B57="","",B57*100) | D57: =IF('1 Setup & Keys'!$K$37="","",'1 Setup & Keys'!$L$37)
A58: =IF('1 Setup & Keys'!$K$38="","",'1 Setup & Keys'!$K$38) | B58: =IF('1 Setup & Keys'!$K$38="","",IFERROR(AVERAGEIFS('3 Import Manager'!$T$5:$T$154,'3 Import Manager'!$B$5:$B$154,'1 Setup & Keys'!$K$38),"")) | C58: =IF(B58="","",B58*100) | D58: =IF('1 Setup & Keys'!$K$38="","",'1 Setup & Keys'!$L$38)
A59: =IF('1 Setup & Keys'!$K$39="","",'1 Setup & Keys'!$K$39) | B59: =IF('1 Setup & Keys'!$K$39="","",IFERROR(AVERAGEIFS('3 Import Manager'!$T$5:$T$154,'3 Import Manager'!$B$5:$B$154,'1 Setup & Keys'!$K$39),"")) | C59: =IF(B59="","",B59*100) | D59: =IF('1 Setup & Keys'!$K$39="","",'1 Setup & Keys'!$L$39)
A60: =IF('1 Setup & Keys'!$K$40="","",'1 Setup & Keys'!$K$40) | B60: =IF('1 Setup & Keys'!$K$40="","",IFERROR(AVERAGEIFS('3 Import Manager'!$T$5:$T$154,'3 Import Manager'!$B$5:$B$154,'1 Setup & Keys'!$K$40),"")) | C60: =IF(B60="","",B60*100) | D60: =IF('1 Setup & Keys'!$K$40="","",'1 Setup & Keys'!$L$40)
A61: =IF('1 Setup & Keys'!$K$41="","",'1 Setup & Keys'!$K$41) | B61: =IF('1 Setup & Keys'!$K$41="","",IFERROR(AVERAGEIFS('3 Import Manager'!$T$5:$T$154,'3 Import Manager'!$B$5:$B$154,'1 Setup & Keys'!$K$41),"")) | C61: =IF(B61="","",B61*100) | D61: =IF('1 Setup & Keys'!$K$41="","",'1 Setup & Keys'!$L$41)
A62: Audit-sample adjustment | B62: 0
A63: Manager response rate | B63: =IF('1 Setup & Keys'!$B$21="","",IFERROR(SUM('3 Import Manager'!$U$5:$U$154)/'1 Setup & Keys'!$B$21,""))
A64: =IF($B63="","",IF($B63<Reference!$B$7,"LOW manager response","ok"))
A65: M-C1-MGR score | B65: =IFERROR(SUMPRODUCT(C52:C61,D52:D61)/SUM(D52:D61)+'9 Type C Scoring'!$B$62,"")
A67: 6.6 M-C3-MGR — Talent Calibration (adjusted band counts, Type B)
A68: Band | B68: Raw count | C68: After cap-5 | D68: After skew | E68: Override | F68: FINAL
A69: Band 1 | B69: =COUNTIF('3 Import Manager'!$S$5:$S$154,1) -> 0 | C69: =IF(B74=0,0,B69) -> 0 | D69: =IF(B74=0,0,IF((IF(B74=0,0,SUMPRODUCT({1;2;3;4;5},C69:C73)/B74))>Reference!$B$17,C69+Reference!$B$18*C70,C69)) -> 0 | F69: =IF(E69<>"",E69,D69) -> 0
A70: Band 2 | B70: =COUNTIF('3 Import Manager'!$S$5:$S$154,2) -> 0 | C70: =IF(B74=0,0,B70) -> 0 | D70: =IF(B74=0,0,IF((IF(B74=0,0,SUMPRODUCT({1;2;3;4;5},C69:C73)/B74))>Reference!$B$17,(1-Reference!$B$18)*C70+Reference!$B$18*C71,C70)) -> 0 | F70: =IF(E70<>"",E70,D70) -> 0
A71: Band 3 | B71: =COUNTIF('3 Import Manager'!$S$5:$S$154,3) -> 0 | C71: =IF(B74=0,0,B71) -> 0 | D71: =IF(B74=0,0,IF((IF(B74=0,0,SUMPRODUCT({1;2;3;4;5},C69:C73)/B74))>Reference!$B$17,(1-Reference!$B$18)*C71+Reference!$B$18*C72,C71)) -> 0 | F71: =IF(E71<>"",E71,D71) -> 0
A72: Band 4 | B72: =COUNTIF('3 Import Manager'!$S$5:$S$154,4) -> 0 | C72: =IF(B74=0,0,B72+MAX(0,B73-Reference!$B$16*B74)) -> 0 | D72: =IF(B74=0,0,IF((IF(B74=0,0,SUMPRODUCT({1;2;3;4;5},C69:C73)/B74))>Reference!$B$17,(1-Reference!$B$18)*C72+Reference!$B$18*C73,C72)) -> 0 | F72: =IF(E72<>"",E72,D72) -> 0
A73: Band 5 | B73: =COUNTIF('3 Import Manager'!$S$5:$S$154,5) -> 0 | C73: =IF(B74=0,0,MIN(B73,Reference!$B$16*B74)) -> 0 | D73: =IF(B74=0,0,IF((IF(B74=0,0,SUMPRODUCT({1;2;3;4;5},C69:C73)/B74))>Reference!$B$17,(1-Reference!$B$18)*C73,C73)) -> 0 | F73: =IF(E73<>"",E73,D73) -> 0
A74: Total rated | B74: =SUM(B69:B73) -> 0
A75: Raw mean band | B75: =IF(B74=0,"",SUMPRODUCT({1;2;3;4;5},B69:B73)/B74)
A76: Band 1 floor check | B76: =IF(B74=0,"",IF(B69/B74<Reference!$B$19,"Band1<5%: verify (not auto-adjusted)","ok"))
A77: Manager response rate (C3) | B77: =IF('1 Setup & Keys'!$B$21="","",IFERROR(SUM('3 Import Manager'!$U$5:$U$154)/'1 Setup & Keys'!$B$21,""))
A79: 6.7 M-C5-TL — Learning Velocity (team leaders)
A80: Team-leader response rate | B80: =IF('1 Setup & Keys'!$B$23="","",IFERROR(COUNT('5 Import TeamLeader'!$N$5:$N$44)/'1 Setup & Keys'!$B$23,""))
A81: =IF($B80="","",IF($B80<Reference!$B$8,"LOW team-leader response","ok"))
A82: M-C5-TL score | B82: =IFERROR(AVERAGE('5 Import TeamLeader'!$N$5:$N$44),"")
A84: 6.8 M-C2-KDS — Knowledge (per-domain scores, Type B)
A85: Compact per-domain intake (rare, bespoke quiz). Per-domain score and coverage are passed to the Diagnostic Workbook, which does the criticality-weighted C2 average.
A86: Domain | B86: # items | C86: # respondents | D86: # correct (sum) | E86: Criticality (1-3) | F86: Score 0-100 | G86: Coverage
F87: =IF(OR(B87="",C87="",C87=0),"",IFERROR(D87/(B87*C87)*100,"")) | G87: =IF(OR(C87="",'1 Setup & Keys'!$B$20=""),"",IFERROR(C87/'1 Setup & Keys'!$B$20,""))
F88: =IF(OR(B88="",C88="",C88=0),"",IFERROR(D88/(B88*C88)*100,"")) | G88: =IF(OR(C88="",'1 Setup & Keys'!$B$20=""),"",IFERROR(C88/'1 Setup & Keys'!$B$20,""))
F89: =IF(OR(B89="",C89="",C89=0),"",IFERROR(D89/(B89*C89)*100,"")) | G89: =IF(OR(C89="",'1 Setup & Keys'!$B$20=""),"",IFERROR(C89/'1 Setup & Keys'!$B$20,""))
F90: =IF(OR(B90="",C90="",C90=0),"",IFERROR(D90/(B90*C90)*100,"")) | G90: =IF(OR(C90="",'1 Setup & Keys'!$B$20=""),"",IFERROR(C90/'1 Setup & Keys'!$B$20,""))
F91: =IF(OR(B91="",C91="",C91=0),"",IFERROR(D91/(B91*C91)*100,"")) | G91: =IF(OR(C91="",'1 Setup & Keys'!$B$20=""),"",IFERROR(C91/'1 Setup & Keys'!$B$20,""))
F92: =IF(OR(B92="",C92="",C92=0),"",IFERROR(D92/(B92*C92)*100,"")) | G92: =IF(OR(C92="",'1 Setup & Keys'!$B$20=""),"",IFERROR(C92/'1 Setup & Keys'!$B$20,""))
A94: 6.9 M-DLP-PART — Decision Latencies (per decision)
A95: Latency in days per sampled decision. Class from Tab 1. The Diagnostic Workbook scores latencies to DLS (percentile banding needs the full sample).
A96: Decision ID | B96: Class | C96: Latency (days) | D96: Quality (mean) | E96: n responses
A97: =IF('1 Setup & Keys'!$G$32="","",'1 Setup & Keys'!$G$32) | B97: =IF('1 Setup & Keys'!$G$32="","",'1 Setup & Keys'!$H$32) | C97: =IF('1 Setup & Keys'!$G$32="","",IFERROR(AVERAGEIFS('6 Import DLP'!$G$5:$G$204,'6 Import DLP'!$B$5:$B$204,'1 Setup & Keys'!$G$32),"")) | D97: =IF('1 Setup & Keys'!$G$32="","",IFERROR(AVERAGEIFS('6 Import DLP'!$E$5:$E$204,'6 Import DLP'!$B$5:$B$204,'1 Setup & Keys'!$G$32),"")) | E97: =IF('1 Setup & Keys'!$G$32="","",COUNTIFS('6 Import DLP'!$B$5:$B$204,'1 Setup & Keys'!$G$32))
A98: =IF('1 Setup & Keys'!$G$33="","",'1 Setup & Keys'!$G$33) | B98: =IF('1 Setup & Keys'!$G$33="","",'1 Setup & Keys'!$H$33) | C98: =IF('1 Setup & Keys'!$G$33="","",IFERROR(AVERAGEIFS('6 Import DLP'!$G$5:$G$204,'6 Import DLP'!$B$5:$B$204,'1 Setup & Keys'!$G$33),"")) | D98: =IF('1 Setup & Keys'!$G$33="","",IFERROR(AVERAGEIFS('6 Import DLP'!$E$5:$E$204,'6 Import DLP'!$B$5:$B$204,'1 Setup & Keys'!$G$33),"")) | E98: =IF('1 Setup & Keys'!$G$33="","",COUNTIFS('6 Import DLP'!$B$5:$B$204,'1 Setup & Keys'!$G$33))
A99: =IF('1 Setup & Keys'!$G$34="","",'1 Setup & Keys'!$G$34) | B99: =IF('1 Setup & Keys'!$G$34="","",'1 Setup & Keys'!$H$34) | C99: =IF('1 Setup & Keys'!$G$34="","",IFERROR(AVERAGEIFS('6 Import DLP'!$G$5:$G$204,'6 Import DLP'!$B$5:$B$204,'1 Setup & Keys'!$G$34),"")) | D99: =IF('1 Setup & Keys'!$G$34="","",IFERROR(AVERAGEIFS('6 Import DLP'!$E$5:$E$204,'6 Import DLP'!$B$5:$B$204,'1 Setup & Keys'!$G$34),"")) | E99: =IF('1 Setup & Keys'!$G$34="","",COUNTIFS('6 Import DLP'!$B$5:$B$204,'1 Setup & Keys'!$G$34))
A100: =IF('1 Setup & Keys'!$G$35="","",'1 Setup & Keys'!$G$35) | B100: =IF('1 Setup & Keys'!$G$35="","",'1 Setup & Keys'!$H$35) | C100: =IF('1 Setup & Keys'!$G$35="","",IFERROR(AVERAGEIFS('6 Import DLP'!$G$5:$G$204,'6 Import DLP'!$B$5:$B$204,'1 Setup & Keys'!$G$35),"")) | D100: =IF('1 Setup & Keys'!$G$35="","",IFERROR(AVERAGEIFS('6 Import DLP'!$E$5:$E$204,'6 Import DLP'!$B$5:$B$204,'1 Setup & Keys'!$G$35),"")) | E100: =IF('1 Setup & Keys'!$G$35="","",COUNTIFS('6 Import DLP'!$B$5:$B$204,'1 Setup & Keys'!$G$35))
A101: =IF('1 Setup & Keys'!$G$36="","",'1 Setup & Keys'!$G$36) | B101: =IF('1 Setup & Keys'!$G$36="","",'1 Setup & Keys'!$H$36) | C101: =IF('1 Setup & Keys'!$G$36="","",IFERROR(AVERAGEIFS('6 Import DLP'!$G$5:$G$204,'6 Import DLP'!$B$5:$B$204,'1 Setup & Keys'!$G$36),"")) | D101: =IF('1 Setup & Keys'!$G$36="","",IFERROR(AVERAGEIFS('6 Import DLP'!$E$5:$E$204,'6 Import DLP'!$B$5:$B$204,'1 Setup & Keys'!$G$36),"")) | E101: =IF('1 Setup & Keys'!$G$36="","",COUNTIFS('6 Import DLP'!$B$5:$B$204,'1 Setup & Keys'!$G$36))
A102: =IF('1 Setup & Keys'!$G$37="","",'1 Setup & Keys'!$G$37) | B102: =IF('1 Setup & Keys'!$G$37="","",'1 Setup & Keys'!$H$37) | C102: =IF('1 Setup & Keys'!$G$37="","",IFERROR(AVERAGEIFS('6 Import DLP'!$G$5:$G$204,'6 Import DLP'!$B$5:$B$204,'1 Setup & Keys'!$G$37),"")) | D102: =IF('1 Setup & Keys'!$G$37="","",IFERROR(AVERAGEIFS('6 Import DLP'!$E$5:$E$204,'6 Import DLP'!$B$5:$B$204,'1 Setup & Keys'!$G$37),"")) | E102: =IF('1 Setup & Keys'!$G$37="","",COUNTIFS('6 Import DLP'!$B$5:$B$204,'1 Setup & Keys'!$G$37))
A103: =IF('1 Setup & Keys'!$G$38="","",'1 Setup & Keys'!$G$38) | B103: =IF('1 Setup & Keys'!$G$38="","",'1 Setup & Keys'!$H$38) | C103: =IF('1 Setup & Keys'!$G$38="","",IFERROR(AVERAGEIFS('6 Import DLP'!$G$5:$G$204,'6 Import DLP'!$B$5:$B$204,'1 Setup & Keys'!$G$38),"")) | D103: =IF('1 Setup & Keys'!$G$38="","",IFERROR(AVERAGEIFS('6 Import DLP'!$E$5:$E$204,'6 Import DLP'!$B$5:$B$204,'1 Setup & Keys'!$G$38),"")) | E103: =IF('1 Setup & Keys'!$G$38="","",COUNTIFS('6 Import DLP'!$B$5:$B$204,'1 Setup & Keys'!$G$38))
A104: =IF('1 Setup & Keys'!$G$39="","",'1 Setup & Keys'!$G$39) | B104: =IF('1 Setup & Keys'!$G$39="","",'1 Setup & Keys'!$H$39) | C104: =IF('1 Setup & Keys'!$G$39="","",IFERROR(AVERAGEIFS('6 Import DLP'!$G$5:$G$204,'6 Import DLP'!$B$5:$B$204,'1 Setup & Keys'!$G$39),"")) | D104: =IF('1 Setup & Keys'!$G$39="","",IFERROR(AVERAGEIFS('6 Import DLP'!$E$5:$E$204,'6 Import DLP'!$B$5:$B$204,'1 Setup & Keys'!$G$39),"")) | E104: =IF('1 Setup & Keys'!$G$39="","",COUNTIFS('6 Import DLP'!$B$5:$B$204,'1 Setup & Keys'!$G$39))
A105: =IF('1 Setup & Keys'!$G$40="","",'1 Setup & Keys'!$G$40) | B105: =IF('1 Setup & Keys'!$G$40="","",'1 Setup & Keys'!$H$40) | C105: =IF('1 Setup & Keys'!$G$40="","",IFERROR(AVERAGEIFS('6 Import DLP'!$G$5:$G$204,'6 Import DLP'!$B$5:$B$204,'1 Setup & Keys'!$G$40),"")) | D105: =IF('1 Setup & Keys'!$G$40="","",IFERROR(AVERAGEIFS('6 Import DLP'!$E$5:$E$204,'6 Import DLP'!$B$5:$B$204,'1 Setup & Keys'!$G$40),"")) | E105: =IF('1 Setup & Keys'!$G$40="","",COUNTIFS('6 Import DLP'!$B$5:$B$204,'1 Setup & Keys'!$G$40))
A106: =IF('1 Setup & Keys'!$G$41="","",'1 Setup & Keys'!$G$41) | B106: =IF('1 Setup & Keys'!$G$41="","",'1 Setup & Keys'!$H$41) | C106: =IF('1 Setup & Keys'!$G$41="","",IFERROR(AVERAGEIFS('6 Import DLP'!$G$5:$G$204,'6 Import DLP'!$B$5:$B$204,'1 Setup & Keys'!$G$41),"")) | D106: =IF('1 Setup & Keys'!$G$41="","",IFERROR(AVERAGEIFS('6 Import DLP'!$E$5:$E$204,'6 Import DLP'!$B$5:$B$204,'1 Setup & Keys'!$G$41),"")) | E106: =IF('1 Setup & Keys'!$G$41="","",COUNTIFS('6 Import DLP'!$B$5:$B$204,'1 Setup & Keys'!$G$41))
A107: =IF('1 Setup & Keys'!$G$42="","",'1 Setup & Keys'!$G$42) | B107: =IF('1 Setup & Keys'!$G$42="","",'1 Setup & Keys'!$H$42) | C107: =IF('1 Setup & Keys'!$G$42="","",IFERROR(AVERAGEIFS('6 Import DLP'!$G$5:$G$204,'6 Import DLP'!$B$5:$B$204,'1 Setup & Keys'!$G$42),"")) | D107: =IF('1 Setup & Keys'!$G$42="","",IFERROR(AVERAGEIFS('6 Import DLP'!$E$5:$E$204,'6 Import DLP'!$B$5:$B$204,'1 Setup & Keys'!$G$42),"")) | E107: =IF('1 Setup & Keys'!$G$42="","",COUNTIFS('6 Import DLP'!$B$5:$B$204,'1 Setup & Keys'!$G$42))
A108: =IF('1 Setup & Keys'!$G$43="","",'1 Setup & Keys'!$G$43) | B108: =IF('1 Setup & Keys'!$G$43="","",'1 Setup & Keys'!$H$43) | C108: =IF('1 Setup & Keys'!$G$43="","",IFERROR(AVERAGEIFS('6 Import DLP'!$G$5:$G$204,'6 Import DLP'!$B$5:$B$204,'1 Setup & Keys'!$G$43),"")) | D108: =IF('1 Setup & Keys'!$G$43="","",IFERROR(AVERAGEIFS('6 Import DLP'!$E$5:$E$204,'6 Import DLP'!$B$5:$B$204,'1 Setup & Keys'!$G$43),"")) | E108: =IF('1 Setup & Keys'!$G$43="","",COUNTIFS('6 Import DLP'!$B$5:$B$204,'1 Setup & Keys'!$G$43))
A109: =IF('1 Setup & Keys'!$G$44="","",'1 Setup & Keys'!$G$44) | B109: =IF('1 Setup & Keys'!$G$44="","",'1 Setup & Keys'!$H$44) | C109: =IF('1 Setup & Keys'!$G$44="","",IFERROR(AVERAGEIFS('6 Import DLP'!$G$5:$G$204,'6 Import DLP'!$B$5:$B$204,'1 Setup & Keys'!$G$44),"")) | D109: =IF('1 Setup & Keys'!$G$44="","",IFERROR(AVERAGEIFS('6 Import DLP'!$E$5:$E$204,'6 Import DLP'!$B$5:$B$204,'1 Setup & Keys'!$G$44),"")) | E109: =IF('1 Setup & Keys'!$G$44="","",COUNTIFS('6 Import DLP'!$B$5:$B$204,'1 Setup & Keys'!$G$44))
...

Sheet 10 Layer 2
A1: Layer 2 Inputs (analyst, no respondent)
A2: Recorded here so every value feeding the Diagnostic Workbook is assembled in one place. The Diagnostic Workbook still does the S1, O4 and structural assembly.
A4: Input | B4: Value | C4: Note (for methodology footer)
A5: O1 role-architecture doc-review score (0-100)
A6: O2 tool-inventory doc-review score (0-100)
A7: O2 integration doc-review score (0-100)
A8: S1 skill-complementarity input
A9: O4 capacity-analysis score (0-100)

Sheet 11 Output
A1: Output — Diagnostic Workbook Inputs
A2: Paste-ready block, mapped to the Diagnostic Workbook tabs. Green = pulled from this workbook. Copy each labelled group into its destination cell-group.
A4: Destination / value | B4: Value | C4: Type
A5: Diagnostic Workbook Tab 3 — Capability
A6: C1 (Tier 3 route): M-C1-MGR score | B6: ='9 Type C Scoring'!$B$65 | C6: C
A7: C2: per-domain scores / coverage / criticality (Type B) | C7: see Type C 6.8
A8: =IF('9 Type C Scoring'!$A$87="",""," "&'9 Type C Scoring'!$A$87) | B8: ='9 Type C Scoring'!$F$87 | C8: =IF('9 Type C Scoring'!$A$87="","","crit "&'9 Type C Scoring'!$E$87&" / cov "&TEXT('9 Type C Scoring'!$G$87,"0%"))
A9: =IF('9 Type C Scoring'!$A$88="",""," "&'9 Type C Scoring'!$A$88) | B9: ='9 Type C Scoring'!$F$88 | C9: =IF('9 Type C Scoring'!$A$88="","","crit "&'9 Type C Scoring'!$E$88&" / cov "&TEXT('9 Type C Scoring'!$G$88,"0%"))
A10: =IF('9 Type C Scoring'!$A$89="",""," "&'9 Type C Scoring'!$A$89) | B10: ='9 Type C Scoring'!$F$89 | C10: =IF('9 Type C Scoring'!$A$89="","","crit "&'9 Type C Scoring'!$E$89&" / cov "&TEXT('9 Type C Scoring'!$G$89,"0%"))
A11: =IF('9 Type C Scoring'!$A$90="",""," "&'9 Type C Scoring'!$A$90) | B11: ='9 Type C Scoring'!$F$90 | C11: =IF('9 Type C Scoring'!$A$90="","","crit "&'9 Type C Scoring'!$E$90&" / cov "&TEXT('9 Type C Scoring'!$G$90,"0%"))
A12: =IF('9 Type C Scoring'!$A$91="",""," "&'9 Type C Scoring'!$A$91) | B12: ='9 Type C Scoring'!$F$91 | C12: =IF('9 Type C Scoring'!$A$91="","","crit "&'9 Type C Scoring'!$E$91&" / cov "&TEXT('9 Type C Scoring'!$G$91,"0%"))
A13: =IF('9 Type C Scoring'!$A$92="",""," "&'9 Type C Scoring'!$A$92) | B13: ='9 Type C Scoring'!$F$92 | C13: =IF('9 Type C Scoring'!$A$92="","","crit "&'9 Type C Scoring'!$E$92&" / cov "&TEXT('9 Type C Scoring'!$G$92,"0%"))
A14: C3: adjusted band counts (Type B)
A15: Band 1 | B15: ='9 Type C Scoring'!$F$69 -> 0 | C15: B
A16: Band 2 | B16: ='9 Type C Scoring'!$F$70 -> 0 | C16: B
A17: Band 3 | B17: ='9 Type C Scoring'!$F$71 -> 0 | C17: B
A18: Band 4 | B18: ='9 Type C Scoring'!$F$72 -> 0 | C18: B
A19: Band 5 | B19: ='9 Type C Scoring'!$F$73 -> 0 | C19: B
A20: C5 (Tier 3 route): M-C5-TL score | B20: ='9 Type C Scoring'!$B$82 | C20: C
A21: C4 (CII): 15 item means per team on '8 Type A Means' (team block) | C21: A
A22: Diagnostic Workbook Tab 4 — Motivation (item means, raw)
A23: MI1-01 | B23: ='8 Type A Means'!$C$20 | C23: A raw mean
A24: MI1-02 | B24: ='8 Type A Means'!$C$21 | C24: A raw mean
A25: MI1-03 | B25: ='8 Type A Means'!$C$22 | C25: A raw mean
A26: MI1-04 | B26: ='8 Type A Means'!$C$23 | C26: A raw mean
A27: MI1-05 | B27: ='8 Type A Means'!$C$24 | C27: A raw mean
A28: MI1-06 | B28: ='8 Type A Means'!$C$25 | C28: A raw mean
A29: MI1-07 | B29: ='8 Type A Means'!$C$26 | C29: A raw mean
A30: MI1-08 | B30: ='8 Type A Means'!$C$27 | C30: A raw mean
A31: MI2-01 | B31: ='8 Type A Means'!$C$28 | C31: A raw mean
A32: MI2-02 | B32: ='8 Type A Means'!$C$29 | C32: A raw mean
A33: MI2-03 | B33: ='8 Type A Means'!$C$30 | C33: A raw mean
A34: MI2-04 | B34: ='8 Type A Means'!$C$31 | C34: A raw mean
A35: MI2-05 | B35: ='8 Type A Means'!$C$32 | C35: A raw mean
A36: MI3-01 | B36: ='8 Type A Means'!$C$33 | C36: A raw mean
A37: MI3-02 | B37: ='8 Type A Means'!$C$34 | C37: A raw mean
A38: MI3-03 | B38: ='8 Type A Means'!$C$35 | C38: A raw mean
A39: MI3-04 | B39: ='8 Type A Means'!$C$36 | C39: A raw mean
A40: MI3-05 | B40: ='8 Type A Means'!$C$37 | C40: A raw mean
A41: MI4-01 | B41: ='8 Type A Means'!$C$38 | C41: A raw mean
A42: MI4-02 | B42: ='8 Type A Means'!$C$39 | C42: A raw mean
A43: MI4-03 | B43: ='8 Type A Means'!$C$40 | C43: A raw mean
A44: MI4-04 | B44: ='8 Type A Means'!$C$41 | C44: A raw mean
A45: TW-01 | B45: ='8 Type A Means'!$C$42 | C45: A raw mean
A46: TW-02 | B46: ='8 Type A Means'!$C$43 | C46: A raw mean
A47: TW-03 | B47: ='8 Type A Means'!$C$44 | C47: A raw mean
A48: Diagnostic Workbook Tab 5 — Opportunity
A49: OI1-01 | B49: ='8 Type A Means'!$C$45 | C49: A raw mean
A50: OI1-02 | B50: ='8 Type A Means'!$C$46 | C50: A raw mean
A51: OI1-03 | B51: ='8 Type A Means'!$C$47 | C51: A raw mean
A52: OI1-04 | B52: ='8 Type A Means'!$C$48 | C52: A raw mean
A53: OI1-05 | B53: ='8 Type A Means'!$C$49 | C53: A raw mean
A54: OI1-06 | B54: ='8 Type A Means'!$C$50 | C54: A raw mean
A55: OI1-07 | B55: ='8 Type A Means'!$C$51 | C55: A raw mean
A56: OI1-08 | B56: ='8 Type A Means'!$C$52 | C56: A raw mean
A57: O1 structural: M-O1-LT | B57: ='9 Type C Scoring'!$B$38 | C57: C
A58: O1 structural: M-O1-CASCADE | B58: ='9 Type C Scoring'!$B$43 | C58: C
A59: O1 structural: role-architecture (Layer 2) | B59: ='10 Layer 2'!$B$5 -> 0 | C59: L2
A60: OI2-01 | B60: ='8 Type A Means'!$C$53 | C60: A raw mean
A61: OI2-02 | B61: ='8 Type A Means'!$C$54 | C61: A raw mean
A62: OI2-03 | B62: ='8 Type A Means'!$C$55 | C62: A raw mean
A63: OI2-04 | B63: ='8 Type A Means'!$C$56 | C63: A raw mean
A64: O2 structural: M-O2-IA | B64: ='9 Type C Scoring'!$B$44 | C64: C
A65: O2 structural: tool-inventory (Layer 2) | B65: ='10 Layer 2'!$B$6 -> 0 | C65: L2
A66: O2 structural: integration (Layer 2) | B66: ='10 Layer 2'!$B$7 -> 0 | C66: L2
A67: OI3-01 | B67: ='8 Type A Means'!$C$57 | C67: A raw mean
A68: OI3-02 | B68: ='8 Type A Means'!$C$58 | C68: A raw mean
A69: OI3-03 | B69: ='8 Type A Means'!$C$59 | C69: A raw mean
A70: OI3-04 | B70: ='8 Type A Means'!$C$60 | C70: A raw mean
A71: OI3-05 | B71: ='8 Type A Means'!$C$61 | C71: A raw mean
A72: O3 structural: M-O3-PF | B72: ='9 Type C Scoring'!$B$48 | C72: C
A73: OI4-01 | B73: ='8 Type A Means'!$C$62 | C73: A raw mean
A74: OI4-02 | B74: ='8 Type A Means'!$C$63 | C74: A raw mean
A75: OI4-03 | B75: ='8 Type A Means'!$C$64 | C75: A raw mean
A76: O4 capacity-analysis score (Layer 2, Type C 0-100) | B76: ='10 Layer 2'!$B$9 -> 0 | C76: L2
A77: O5 (leadership enablement) — per team, FTE-weighted in the Diagnostic Workbook | C77: C per team
A78: =IF('8 Type A Means'!$A$95="",""," "&'8 Type A Means'!$A$95) | B78: =IF('8 Type A Means'!$A$95="","",'8 Type A Means'!$H$95) | C78: =IF('8 Type A Means'!$A$95="","","FTE "&'8 Type A Means'!$B$95)
A79: =IF('8 Type A Means'!$A$96="",""," "&'8 Type A Means'!$A$96) | B79: =IF('8 Type A Means'!$A$96="","",'8 Type A Means'!$H$96) | C79: =IF('8 Type A Means'!$A$96="","","FTE "&'8 Type A Means'!$B$96)
A80: =IF('8 Type A Means'!$A$97="",""," "&'8 Type A Means'!$A$97) | B80: =IF('8 Type A Means'!$A$97="","",'8 Type A Means'!$H$97) | C80: =IF('8 Type A Means'!$A$97="","","FTE "&'8 Type A Means'!$B$97)
A81: =IF('8 Type A Means'!$A$98="",""," "&'8 Type A Means'!$A$98) | B81: =IF('8 Type A Means'!$A$98="","",'8 Type A Means'!$H$98) | C81: =IF('8 Type A Means'!$A$98="","","FTE "&'8 Type A Means'!$B$98)
A82: =IF('8 Type A Means'!$A$99="",""," "&'8 Type A Means'!$A$99) | B82: =IF('8 Type A Means'!$A$99="","",'8 Type A Means'!$H$99) | C82: =IF('8 Type A Means'!$A$99="","","FTE "&'8 Type A Means'!$B$99)
A83: =IF('8 Type A Means'!$A$100="",""," "&'8 Type A Means'!$A$100) | B83: =IF('8 Type A Means'!$A$100="","",'8 Type A Means'!$H$100) | C83: =IF('8 Type A Means'!$A$100="","","FTE "&'8 Type A Means'!$B$100)
A84: =IF('8 Type A Means'!$A$101="",""," "&'8 Type A Means'!$A$101) | B84: =IF('8 Type A Means'!$A$101="","",'8 Type A Means'!$H$101) | C84: =IF('8 Type A Means'!$A$101="","","FTE "&'8 Type A Means'!$B$101)
A85: =IF('8 Type A Means'!$A$102="",""," "&'8 Type A Means'!$A$102) | B85: =IF('8 Type A Means'!$A$102="","",'8 Type A Means'!$H$102) | C85: =IF('8 Type A Means'!$A$102="","","FTE "&'8 Type A Means'!$B$102)
A86: =IF('8 Type A Means'!$A$103="",""," "&'8 Type A Means'!$A$103) | B86: =IF('8 Type A Means'!$A$103="","",'8 Type A Means'!$H$103) | C86: =IF('8 Type A Means'!$A$103="","","FTE "&'8 Type A Means'!$B$103)
A87: =IF('8 Type A Means'!$A$104="",""," "&'8 Type A Means'!$A$104) | B87: =IF('8 Type A Means'!$A$104="","",'8 Type A Means'!$H$104) | C87: =IF('8 Type A Means'!$A$104="","","FTE "&'8 Type A Means'!$B$104)
A88: Diagnostic Workbook Tab 6 — Synergy
A89: S1: complementarity input (Layer 2) | B89: ='10 Layer 2'!$B$8 -> 0 | C89: L2
A90: TSI2-01 | B90: ='8 Type A Means'!$C$68 | C90: A raw mean
A91: TSI2-02 | B91: ='8 Type A Means'!$C$69 | C91: A raw mean
A92: TSI2-03 | B92: ='8 Type A Means'!$C$70 | C92: A raw mean
A93: TSI3-01 | B93: ='8 Type A Means'!$C$71 | C93: A raw mean
A94: TSI3-02 | B94: ='8 Type A Means'!$C$72 | C94: A raw mean
A95: TSI3-03 | B95: ='8 Type A Means'!$C$73 | C95: A raw mean
A96: TSI3-04 | B96: ='8 Type A Means'!$C$74 | C96: A raw mean
A97: TSI3-05 | B97: ='8 Type A Means'!$C$75 | C97: A raw mean
A98: Diagnostic Workbook Tab 7 — DLP (per-decision latencies)
A99: Decision ID / class / latency / quality on '9 Type C Scoring' 6.9 | C99: latencies
A100: =IF('9 Type C Scoring'!$A$97="",""," "&'9 Type C Scoring'!$A$97) | B100: =IF('9 Type C Scoring'!$A$97="","",'9 Type C Scoring'!$C$97) | C100: =IF('9 Type C Scoring'!$A$97="","",'9 Type C Scoring'!$B$97)
A101: =IF('9 Type C Scoring'!$A$98="",""," "&'9 Type C Scoring'!$A$98) | B101: =IF('9 Type C Scoring'!$A$98="","",'9 Type C Scoring'!$C$98) | C101: =IF('9 Type C Scoring'!$A$98="","",'9 Type C Scoring'!$B$98)
...

Sheet Reference
A1: Reference — constants and maps
A2: Read by the formulas. Do not edit unless the underlying standard changes.
A4: Reporting thresholds
A5: All-member response rate | B5: 0.6
A6: Leadership response rate | B6: 0.75
A7: Manager response rate | B7: 0.7
A8: Team-leader response rate | B8: 0.7
A9: DLP participant response rate | B9: 0.75
A10: CII per-team response rate | B10: 0.7
A11: CII minimum valid per team | B11: 4
A12: Quarterly pulse minimum (per unit) | B12: 12
A13: Half-yearly minimum (per unit) | B13: 8
A15: Adjustment parameters
A16: C3 Band 5 cap (share) | B16: 0.25
A17: C3 skew mean trigger | B17: 3.5
A18: C3 skew shift | B18: 0.2
A19: C3 Band 1 floor (share) | B19: 0.05
A20: C1 proficiency threshold (default) | B20: 3
A22: Reverse-scored items (screening detection only — never flip output means)
A23: CII-05, CII-10, CII-15, MI1-04, MI2-05, MI3-04, MI4-04, OI1-03, OI1-06, OI2-04, OI3-05, OI4-03, TSI2-03, TSI3-04, TSI3-05; module items O1C-05, O2I-03, O2I-04, O2I-06, O3P-04
A25: Decision classes (DLP)
A26: operational / tactical / strategic — the latency-to-DLS weighting is applied in the Diagnostic Workbook, not here.
